split,label,temporal_consistency,inter_region_agreement,signal_stability,amplitude_reliability,rhythm_quality,sync_behavior,frame_quality_score,roi_stability,temporal_coverage_ratio
train,0,0.050086,0.430648,0.279916,0.615883,0.491120,0.149999,0.297685,0.513611,0.429094
train,1,0.610080,0.476346,0.637745,0.538692,0.479086,0.658943,0.568242,0.522204,0.785539
train,0,0.028444,0.205627,0.060714,0.110007,0.114388,0.179035,0.370915,0.508961,0.606644
train,0,0.390703,0.605524,0.352043,0.752268,0.760721,0.466301,0.729907,0.666424,0.174251
train,0,0.628999,0.367526,0.456214,0.595917,0.545727,0.485893,0.268335,0.525490,0.264099
train,0,0.936309,0.694783,0.777880,0.119490,0.581557,0.789104,0.638497,0.377668,0.437960
train,0,0.765059,0.790708,0.909640,0.810233,0.855274,0.667973,0.122714,0.425417,0.685128
train,0,0.231022,0.262568,0.099378,0.369876,0.126221,0.086490,0.401404,0.567685,0.611575
train,0,0.492033,0.296170,0.173568,0.000000,0.452661,0.182484,0.526568,0.407213,0.712066
train,1,0.709152,0.681708,0.666560,0.638781,0.723755,0.649672,0.886737,0.864877,0.504840
train,0,0.590728,0.840151,0.333328,0.341319,0.502007,0.298681,0.875955,0.442437,0.637271
train,0,0.281735,0.324110,0.478197,0.495592,0.563642,0.407986,0.743552,0.328509,0.294996
train,1,0.538069,0.622641,0.504075,0.495669,0.517909,0.621309,0.805783,0.486501,0.798392
train,0,0.703916,0.211035,0.229888,0.405859,0.463906,0.425596,0.040575,0.733405,0.772849
train,0,0.000000,0.019083,0.044023,0.000000,0.193627,0.000474,0.420838,0.366148,0.257907
train,1,0.737805,0.782218,0.736459,0.811113,0.645095,0.734843,0.294252,0.327147,0.926586
train,1,0.424665,0.609823,0.530451,0.484203,0.453321,0.478731,0.787617,0.794992,0.630156
train,0,0.136232,0.522105,0.369241,0.352771,0.052624,0.374413,0.425808,0.363079,0.888745
train,0,0.243243,0.030102,0.518443,0.134851,0.000000,0.000000,0.808387,0.284453,0.829375
train,0,0.475750,0.467132,0.754817,0.381583,0.497543,0.458824,0.487956,0.876222,0.328586
train,0,0.650844,0.730839,0.564480,0.536797,0.631646,0.513170,0.445946,0.598619,0.587504
train,0,0.000000,0.000000,0.074694,0.082082,0.000000,0.000000,0.112426,0.334548,0.437455
train,1,0.847687,0.856200,0.943051,0.859595,0.870955,0.994126,0.678864,0.363033,0.718440
train,0,0.339968,0.440375,0.459759,0.282458,0.403010,0.201943,0.478783,0.735971,0.500108
train,0,0.262778,0.203792,0.192751,0.281401,0.000000,0.015447,0.756129,0.490882,0.339042
train,1,0.364447,0.439197,0.448691,0.371951,0.422825,0.435167,0.831554,0.786262,0.752013
train,0,0.000000,0.266778,0.191411,0.135826,0.240300,0.239860,0.562546,0.461743,0.324745
train,1,0.810659,0.761743,0.775404,0.723660,0.718927,0.816716,0.759133,0.690313,0.779617
train,1,0.906340,0.938540,1.000000,1.000000,0.897873,0.931473,0.759998,0.891940,0.534738
train,1,0.557595,0.549294,0.491339,0.539737,0.594800,0.654783,0.716837,0.821033,0.766460
train,1,0.947779,0.935559,1.000000,0.892127,0.904866,0.997149,0.756705,0.777772,0.911752
train,0,0.437577,0.507456,0.572869,0.417988,0.297832,0.350419,0.267372,0.274006,0.346820
train,0,0.319742,0.121454,0.369486,0.227440,0.183046,0.133271,0.439941,0.556426,0.681579
train,1,0.642163,0.853048,0.984297,0.739575,0.815595,0.829603,0.645492,0.402721,0.849809
train,0,0.425653,0.487523,0.179730,0.183277,0.155703,0.346297,0.393290,0.565005,0.602657
train,0,0.244063,0.324561,0.565668,0.532117,0.215140,0.362145,0.219743,0.518623,0.120419
train,1,0.554770,0.484207,0.536571,0.590950,0.644365,0.528268,0.732871,0.532062,0.248483
train,0,0.000000,0.309161,0.000000,0.287898,0.045830,0.201024,0.719003,0.469636,0.346596
train,0,0.285352,0.416642,0.152849,0.039939,0.008423,0.335166,0.567175,0.505870,0.271453
train,1,0.419619,0.445571,0.554873,0.456614,0.507762,0.418840,0.779192,0.834762,0.798531
train,0,0.219668,0.122233,0.136638,0.000000,0.189977,0.337741,0.350581,0.538535,0.237610
train,0,0.412913,0.285536,0.000000,0.413902,0.338672,0.160525,0.432442,0.143569,0.436473
train,1,0.795022,0.809330,0.725520,0.810884,0.735196,0.679425,0.850099,0.949260,0.690510
train,0,0.458684,0.723166,0.788933,0.385380,0.036216,0.670697,0.509184,0.472812,0.354918
train,1,0.815574,0.790976,0.769098,0.939601,0.804517,0.940021,0.841624,0.656440,0.704308
train,1,0.687314,0.610914,0.650823,0.800143,0.729134,0.626635,0.329316,0.792103,0.719542
train,0,0.388861,0.430906,0.446018,0.221177,0.214480,0.484953,0.280058,0.535734,0.667154
train,1,0.781622,0.735594,0.713996,0.884951,0.817842,0.806966,0.626752,0.977977,0.600155
train,1,0.635174,0.737179,0.688334,0.686668,0.626162,0.663488,0.804429,0.831744,0.704484
train,0,0.440365,0.506622,0.210480,0.365851,0.241730,0.535511,0.175307,0.210458,0.622017
train,1,0.930415,0.985139,0.865654,0.914361,0.852127,0.886176,0.907392,0.360924,0.603219
train,1,0.470832,0.671931,0.594721,0.476452,0.536492,0.625633,0.516148,0.622320,0.765994
train,1,0.760940,0.868610,0.956964,0.816212,0.861977,0.783607,0.858084,0.883376,0.719683
train,0,0.000000,0.000000,0.006407,0.000000,0.000000,0.000000,0.559051,0.292774,0.428261
train,0,0.195702,0.251281,0.163330,0.218606,0.191458,0.152751,0.387266,0.658672,0.715555
train,1,0.812507,0.852522,0.807197,0.869940,0.806947,0.804845,0.978716,0.575204,0.702114
train,1,0.586291,0.499321,0.505731,0.464408,0.472577,0.540822,0.790770,0.669018,0.721432
train,0,0.218513,0.260549,0.000000,0.096742,0.216307,0.033432,0.643960,0.564550,0.621132
train,0,0.116838,0.165682,0.483470,0.361969,0.286252,0.318420,0.340991,0.630516,0.608694
train,0,0.116404,0.060296,0.119585,0.000000,0.326603,0.153756,0.280684,0.530245,0.670994
train,1,0.795824,0.756801,0.865596,0.847935,0.820459,0.855031,0.811328,0.988641,0.840109
train,0,0.536077,0.408741,0.583630,0.471981,0.357928,0.336317,0.743450,0.635000,0.443143
train,1,0.837167,0.866092,0.785826,0.802621,0.698197,0.761976,0.802730,0.760192,0.737558
train,1,0.777486,0.714953,0.840749,0.678883,0.744803,0.729608,0.740115,0.823882,0.722945
train,1,1.000000,0.885267,1.000000,0.961117,0.988000,0.904815,0.789799,0.867943,0.784245
train,1,0.641308,0.724117,0.743918,0.674214,0.739587,0.640907,0.875296,0.624740,0.608971
train,0,0.156507,0.474309,0.334570,0.423415,0.146534,0.248031,0.541489,0.447322,0.503744
train,0,0.416409,0.430042,0.574481,0.571199,0.304513,0.407709,0.259974,0.473631,0.165664
train,1,0.687196,0.831032,0.732849,0.744080,0.716134,0.683122,0.762219,0.565954,0.962818
train,1,0.756812,0.691931,0.693284,0.660087,0.702276,0.714209,0.794807,0.784770,0.392952
train,1,0.746007,0.842582,0.852788,0.869515,0.815102,0.865143,0.733445,0.413892,0.785248
train,1,0.724052,0.807640,0.706884,0.769145,0.787968,0.928097,0.592729,0.793994,0.823521
train,1,0.845771,0.671596,0.871463,0.813756,0.850879,0.813462,0.713417,0.881351,0.845282
train,0,0.182406,0.414903,0.109551,0.263396,0.100651,0.000000,0.446168,0.569208,0.231138
train,1,0.464057,0.397098,0.492542,0.508845,0.539442,0.430110,0.971176,0.941029,0.656219
train,1,0.692237,0.795342,0.524008,0.636646,0.694395,0.628928,0.839792,0.861290,0.696695
train,0,0.152115,0.117995,0.682444,0.102971,0.000000,0.000000,0.676684,0.612454,0.692397
train,0,0.677787,0.492306,0.653240,0.316865,0.478611,0.498525,0.732959,0.120759,0.268032
train,0,0.000000,0.000000,0.000857,0.000000,0.000000,0.276274,0.264775,0.692296,0.573959
train,0,0.426628,0.319465,0.547784,0.486834,0.287546,0.274829,0.136913,0.312053,0.868987
train,1,0.608487,0.705435,0.723945,0.716637,0.607941,0.488882,0.650714,0.858240,0.512759
train,0,0.155766,0.159048,0.285167,0.694320,0.585158,0.702404,0.675602,0.243720,0.336075
train,0,0.152960,0.333372,0.322819,0.187800,0.000000,0.316227,0.322183,0.393236,0.655777
train,1,0.755559,0.811317,0.722735,0.873657,0.743723,0.813452,0.824381,0.822358,0.828779
train,1,0.631101,0.733478,0.686777,0.779308,0.662165,0.623420,0.756008,0.914095,0.811800
train,1,0.468587,0.470132,0.371735,0.398754,0.523713,0.412439,0.849846,0.788828,0.765749
train,0,0.378096,0.433824,0.521577,0.384447,0.701236,0.278833,0.563258,0.538270,0.496073
train,0,0.226346,0.311663,0.217832,0.000000,0.000000,0.333012,0.403510,0.374567,0.567358
train,1,0.570834,0.607822,0.764126,0.639774,0.645204,0.677220,0.669978,0.606277,0.771991
train,0,0.057928,0.000000,0.159428,0.110018,0.088880,0.000000,0.457635,0.179263,0.308619
train,1,0.667246,0.573186,0.755672,0.624565,0.732590,0.633743,0.539199,0.816800,0.633560
train,0,0.248099,0.325271,0.298545,0.265640,0.383758,0.425470,0.510460,0.128269,0.473542
train,0,0.318107,0.343318,0.192330,0.426108,0.400836,0.539598,0.355531,0.449906,0.351473
train,1,0.793017,0.906834,0.804947,0.830706,0.948464,0.816996,0.796364,0.920944,0.669330
train,1,0.751053,0.653572,0.667833,0.747689,0.865847,0.781731,0.433703,0.796421,0.849667
train,1,0.773567,0.741097,0.663785,0.683355,0.694767,0.704753,0.791909,0.734064,0.540319
train,0,0.264505,0.169509,0.363663,0.013008,0.094369,0.299070,0.449665,0.393230,0.553898
train,1,0.555926,0.684230,0.686073,0.636678,0.578351,0.591290,0.858673,0.624492,0.834068
train,1,0.580848,0.543497,0.573495,0.556760,0.449436,0.639059,0.837866,0.608091,0.735920
train,0,0.666857,0.504532,0.520640,0.599877,0.414084,0.547907,0.542767,0.663316,0.381351
train,1,0.321691,0.401035,0.399822,0.307378,0.386106,0.437943,0.872814,0.710726,0.720715
train,1,0.740527,0.627184,0.493149,0.648693,0.743927,0.721807,0.774128,0.862858,0.791690
train,1,0.450263,0.416971,0.551269,0.429949,0.540473,0.374175,0.905643,0.972822,0.696584
train,0,0.000000,0.000000,0.069886,0.148805,0.117975,0.000000,0.002817,0.617417,0.158548
train,1,0.909076,0.919149,0.795503,0.931419,0.813438,0.880172,0.736134,0.590884,0.616391
train,1,0.769766,0.862040,0.838926,0.858913,0.806876,0.921050,0.865973,0.661947,0.613439
train,0,0.019684,0.364115,0.000000,0.135407,0.084028,0.242007,0.451830,0.495057,0.775780
train,0,0.596037,0.471581,0.367835,0.400851,0.053370,0.391536,0.189502,0.443028,0.538383
train,0,0.219667,0.523004,0.564296,0.541632,0.255549,0.168242,0.591980,0.442653,0.841766
train,0,0.671781,0.490267,0.666760,0.536159,0.815019,0.683947,0.745773,0.325457,0.484668
train,1,0.603124,0.553691,0.664390,0.665217,0.658749,0.646664,0.877987,0.811138,0.731447
train,0,0.106121,0.336927,0.197197,0.228123,0.000000,0.278991,0.457335,0.449843,0.350655
train,0,0.276016,0.054994,0.156922,0.079401,0.165913,0.074643,0.362633,0.227560,0.428532
train,1,0.840716,0.906088,0.827317,0.853728,0.845941,0.806664,0.830134,0.841561,0.599421
train,0,0.055412,0.219598,0.351912,0.082812,0.049999,0.126205,0.309921,0.582574,0.496174
train,1,0.771265,0.738261,0.779374,0.831245,0.794401,0.813095,0.851295,0.937855,0.822039
train,1,0.773594,0.640000,0.697068,0.722562,0.668989,0.797128,0.585991,0.882333,0.477023
train,1,0.748113,0.820315,0.809626,0.779438,0.756610,0.792185,0.673448,0.911528,0.749804
train,0,0.326862,0.163257,0.125177,0.000000,0.091818,0.211051,0.542101,0.595666,0.626129
train,1,0.606644,0.755763,0.659143,0.668617,0.629017,0.657064,0.812661,0.698031,0.919254
train,0,0.088174,0.000000,0.015855,0.262418,0.163110,0.258857,0.796346,0.516524,0.531046
train,0,0.429993,0.586925,0.346230,0.642582,0.532298,0.580930,0.588077,0.587758,0.687929
train,0,0.331128,0.336382,0.302551,0.252983,0.248617,0.226975,0.747593,0.138700,0.543948
train,0,0.313662,0.332590,0.337343,0.265871,0.143288,0.349391,0.383017,0.560316,0.476468
train,0,0.634788,0.392737,0.598818,0.890165,0.794603,0.466865,0.377681,0.509124,0.328490
train,1,1.000000,1.000000,1.000000,0.989488,1.000000,1.000000,0.448461,0.705918,0.573057
train,1,0.679050,0.724780,0.712131,0.806926,0.696458,0.649410,0.574198,0.923302,0.892162
train,0,0.144369,0.410014,0.260692,0.440235,0.239004,0.266341,0.282570,0.438849,0.398185
train,1,0.787067,0.767447,0.746937,0.820557,0.758614,0.754362,0.932523,0.285296,0.773933
train,0,0.284450,0.479623,0.488813,0.012283,0.379334,0.311784,0.697591,0.633252,0.649364
train,1,0.588310,0.671261,0.632172,0.642406,0.634263,0.786280,0.494313,0.829419,0.767947
train,0,0.596982,0.622767,0.574262,0.472325,0.552932,0.482387,0.810635,0.354323,0.436296
train,0,0.605923,0.455399,0.397341,0.473154,0.531005,0.550276,0.374014,0.862056,0.794913
train,0,0.108607,0.481992,0.344618,0.259005,0.465223,0.319001,0.277919,0.490904,0.269248
train,0,0.270408,0.187950,0.322630,0.449828,0.518421,0.130272,0.484092,0.314972,0.874839
train,0,0.681243,0.498008,0.318760,0.585105,0.307170,0.434315,0.247264,0.302421,0.413940
train,1,0.586484,0.692531,0.653332,0.705883,0.699986,0.567276,0.814518,0.734331,0.833169
train,0,0.068994,0.112315,0.104311,0.000000,0.000000,0.138964,0.208900,0.526102,0.737864
train,1,0.803912,0.694807,0.744136,0.796509,0.628265,0.740971,0.805865,0.844349,0.717241
train,1,0.896077,0.976177,0.923402,0.945697,0.844690,0.930180,0.742337,0.887694,0.432346
train,0,0.000000,0.000000,0.406790,0.315149,0.008792,0.115490,0.795937,0.431119,0.500028
train,0,0.517139,0.286790,0.084271,0.090638,0.304255,0.101270,0.139067,0.428370,0.049651
train,0,0.432611,0.310160,0.144904,0.130973,0.862565,0.614809,0.642818,0.129035,0.236436
train,1,0.953050,0.888132,0.900524,0.829078,0.876475,1.000000,0.894470,0.706397,0.910705
train,1,0.534770,0.562474,0.489400,0.492335,0.525689,0.521271,0.916002,0.962412,0.827326
train,0,0.250218,0.329211,0.000000,0.078176,0.206540,0.298747,0.695530,0.560849,0.670122
train,0,0.291994,0.389024,0.542692,0.343161,0.436823,0.359253,0.324564,0.529051,0.750002
train,0,0.319408,0.720065,0.732888,0.746745,0.473066,0.378022,0.305017,0.646258,0.330802
train,1,0.904278,0.891311,0.819896,0.787898,0.811714,0.877470,0.743345,0.793918,0.363952
train,1,0.816144,0.856663,0.788281,0.955765,0.931645,0.860456,0.717760,0.853118,0.771584
train,1,0.619112,0.582851,0.500685,0.565856,0.658925,0.676644,0.750900,0.767363,0.734605
train,1,0.791148,0.775541,0.879860,0.752530,0.739331,0.712544,0.819465,0.881567,0.886912
train,1,0.706828,0.805499,0.899118,0.812312,0.761768,0.753915,0.788686,0.651201,0.444911
train,1,0.996237,0.856274,0.732046,0.830715,0.937512,0.896784,0.713510,0.781223,0.477626
train,0,0.488677,0.368163,0.227478,0.493014,0.500726,0.545675,0.415230,0.506210,0.293395
train,0,0.353603,0.284067,0.302459,0.272603,0.302711,0.322709,0.215228,0.510959,0.530414
train,0,0.322107,0.000000,0.138745,0.105748,0.000000,0.000000,0.396608,0.596937,0.206968
train,0,0.632774,0.397205,0.841221,0.555543,0.364904,0.407120,0.500973,0.415641,0.608259
train,1,0.457789,0.374559,0.618432,0.375960,0.408782,0.409217,0.229745,0.676021,0.642589
train,1,0.653578,0.639413,0.729614,0.736792,0.654658,0.536800,0.768110,0.818273,0.763310
train,1,0.795334,0.946553,0.762948,0.939378,0.781461,0.842391,0.587342,0.818794,0.748591
train,1,0.727831,0.544446,0.749349,0.616375,0.707242,0.702123,1.000000,0.704262,0.753923
train,1,0.856210,0.803173,0.788854,0.874552,0.876632,0.931115,0.950498,0.854679,0.672057
train,0,0.584356,0.520626,0.742851,0.569750,0.507900,0.744039,0.604722,0.462027,0.595331
train,0,0.125162,0.064910,0.000000,0.023593,0.074156,0.000000,0.567129,0.509627,0.617631
train,1,0.813414,0.941268,0.803985,0.832754,0.782260,0.906481,0.910714,0.397217,0.536524
train,1,0.951220,1.000000,0.976344,1.000000,0.934358,1.000000,0.897027,0.653989,0.896282
train,1,0.699017,0.667008,0.759459,0.791500,0.714242,0.795752,0.545388,0.919499,0.905742
train,1,0.850818,0.761008,0.765151,0.783861,0.827172,0.685445,0.927542,0.494675,0.777723
train,1,0.653086,0.641304,0.670709,0.661568,0.654084,0.612855,0.867645,0.881024,0.789462
train,0,0.375599,0.469426,0.430959,0.522414,0.687853,0.382619,0.327621,0.508800,0.705636
train,0,0.436437,0.071893,0.468842,0.314963,0.084471,0.320873,0.439961,0.758373,0.620496
train,0,0.000000,0.000000,0.012313,0.000000,0.000000,0.000000,0.723954,0.654679,0.650723
train,0,0.603590,0.550062,0.344719,0.117053,0.147694,0.164426,0.610289,0.659665,0.452712
train,0,0.500208,0.332551,0.341410,0.087718,0.000000,0.528072,0.684584,0.700597,0.281318
train,1,0.802944,0.807211,0.775059,0.799988,0.864918,0.827890,0.595667,0.674050,0.746060
train,0,0.607150,0.774947,0.539656,0.631126,0.597317,0.449422,0.374315,0.623130,0.411137
train,1,0.992192,0.895166,0.975409,1.000000,1.000000,0.948833,0.639659,0.950993,0.830643
train,1,0.754037,0.763893,0.836785,0.730723,0.854960,0.860557,0.992705,0.596349,0.885225
train,0,0.419863,0.511363,0.487731,0.320660,0.483819,0.213176,0.270565,0.239917,0.383879
train,0,0.518449,0.468827,0.639892,0.407225,0.361064,0.679528,0.709241,0.351722,0.722157
train,1,0.578080,0.690412,0.652076,0.658248,0.718953,0.565536,0.806022,0.737980,0.771154
train,1,0.853654,0.860576,0.903398,0.865805,0.780286,0.809118,0.542218,0.868537,0.633674
train,0,0.565116,0.151383,0.267455,0.077891,0.054372,0.161888,0.431442,0.604039,0.471746
train,1,0.725065,0.725553,0.732862,0.653573,0.712691,0.639701,0.887947,0.806513,0.541348
train,1,0.578424,0.640492,0.547634,0.636877,0.638894,0.652858,0.807933,0.800539,0.781608
train,0,0.285327,0.576447,0.283475,0.686943,0.247580,0.167509,0.574569,0.588527,0.315553
train,1,0.783060,0.664052,0.674828,0.632956,0.789851,0.752887,0.546737,0.897664,0.736495
train,1,0.519855,0.459426,0.598807,0.536782,0.491312,0.547860,0.405312,0.691924,0.433487
train,0,0.331075,0.550380,0.419476,0.412884,0.364604,0.656070,0.565013,0.460224,0.225773
train,0,0.205970,0.005574,0.000000,0.000000,0.102319,0.000000,0.656514,0.289856,0.349058
train,1,0.607861,0.570475,0.703664,0.628282,0.593378,0.678077,0.354347,0.785456,0.869050
train,0,0.214024,0.358492,0.422602,0.349871,0.174173,0.240992,0.350410,0.685786,0.480154
train,0,0.336421,0.310870,0.399355,0.435664,0.536978,0.401692,0.481144,0.529392,0.310100
train,0,0.399610,0.332885,0.382559,0.491429,0.446328,0.322456,0.672308,0.587451,0.358724
train,1,0.663320,0.638144,0.742359,0.603365,0.742262,0.758304,0.717865,0.751788,0.239390
train,1,0.571369,0.602699,0.610158,0.809254,0.769913,0.637104,0.965155,0.915379,0.717084
train,0,0.528495,0.504142,0.623098,0.367619,0.322146,0.593746,0.189836,0.405419,0.521245
train,0,0.590319,0.428306,0.344014,0.507929,0.534619,0.510302,0.378571,0.288667,0.681665
train,0,0.584121,0.650737,0.466561,0.367408,0.489031,0.936605,0.706779,0.327795,0.782262
train,1,0.766087,0.670057,0.577412,0.636062,0.717328,0.707987,0.712611,0.760182,0.863473
train,1,0.509181,0.571937,0.493762,0.546131,0.514294,0.572581,0.821528,0.700569,0.820072
train,1,0.546769,0.522023,0.495103,0.669295,0.583755,0.590109,0.871848,0.687158,0.671202
train,0,0.449571,0.737024,0.465022,0.605420,0.604037,0.675207,0.381582,0.311277,0.529259
train,0,0.052865,0.359296,0.019431,0.148826,0.155110,0.421794,0.342172,0.825444,0.591099
train,0,0.357188,0.267621,0.357517,0.065123,0.262700,0.049850,0.399320,0.142287,0.448336
train,1,0.834070,0.927851,0.752677,0.743827,0.709584,0.788668,0.804579,0.829365,0.716849
train,0,0.379173,0.317939,0.564388,0.415061,0.285132,0.420422,0.303279,0.429537,0.063292
train,1,0.712335,0.652222,0.705822,0.639237,0.628315,0.567235,0.932021,0.662474,1.000000
train,1,0.723335,0.761766,0.704947,0.659716,0.561522,0.690692,0.449391,0.874918,0.635217
train,1,0.922070,0.981828,0.977456,1.000000,0.882965,0.997941,0.868751,0.876313,0.613279
train,0,0.188449,0.150209,0.000000,0.114724,0.157950,0.230872,0.586730,0.443328,0.452760
train,0,0.491531,0.558913,0.662767,0.511076,0.149120,0.358507,0.353459,0.511820,0.639333
train,0,0.413493,0.280056,0.040250,0.000000,0.372644,0.190023,0.380416,0.248879,0.705141
train,1,1.000000,1.000000,1.000000,1.000000,1.000000,0.991999,0.435044,0.786785,0.651541
train,1,0.799961,0.806656,0.732954,0.774352,0.825365,0.867961,0.823430,0.893251,0.638272
train,0,0.016052,0.096188,0.317917,0.193443,0.143113,0.000000,0.248593,0.526979,0.279310
train,1,0.736616,0.738218,0.743935,0.685350,0.835023,0.721821,0.894016,0.449100,0.917697
train,0,0.362314,0.219970,0.348436,0.725158,0.506927,0.272851,0.248137,0.579279,0.452573
train,1,0.646358,0.725043,0.656345,0.723995,0.685774,0.753400,0.982540,0.822192,0.932827
train,0,0.505865,0.567419,0.550778,0.684714,0.601623,0.415326,0.488837,0.018703,0.709602
train,0,0.443468,0.423129,0.140334,0.180612,0.109711,0.162875,0.166630,0.316970,0.576470
train,0,0.246718,0.121393,0.115373,0.569755,0.575547,0.275228,0.417279,0.164728,0.708775
train,0,0.297977,0.000000,0.323994,0.000000,0.033854,0.244503,0.444644,0.376939,0.621530
train,1,0.380927,0.434526,0.469062,0.433064,0.507072,0.452806,0.630930,0.877082,0.941018
train,1,0.723211,0.794808,0.801705,0.764676,0.818993,0.746040,0.657175,0.425424,0.942292
train,0,0.000000,0.170621,0.041619,0.000000,0.340744,0.276073,0.097146,0.622151,0.376760
train,1,0.757196,0.872657,0.742604,0.827878,0.681772,0.696117,0.918442,0.468979,0.837366
train,1,0.681419,0.651655,0.765864,0.683239,0.666811,0.671383,0.747420,0.920663,0.822024
train,0,0.487797,0.662960,0.450533,0.337115,0.373327,0.345089,0.591912,0.480850,0.710189
train,1,0.399145,0.640568,0.696872,0.519596,0.427702,0.525283,0.895110,0.705581,0.797569
train,0,0.054715,0.310452,0.034362,0.160869,0.098721,0.301686,0.228985,0.354755,0.257781
train,0,0.107698,0.442116,0.000000,0.276079,0.475432,0.308104,0.359220,0.641765,0.600657
train,0,0.654001,0.278434,0.377350,0.539864,0.800129,0.369644,0.304378,0.306196,0.608108
train,0,0.477311,0.398723,0.713964,0.541876,0.717189,0.711593,0.374792,0.751476,0.672978
train,1,0.665952,0.768623,0.788102,0.770354,0.643846,0.665316,0.895074,0.804000,0.843302
train,1,0.736839,0.779467,0.623112,0.746955,0.869394,0.757484,0.633373,0.725004,0.906667
train,0,0.000000,0.131384,0.000000,0.078403,0.169250,0.000000,0.483265,0.403418,0.658978
train,0,0.197722,0.089420,0.000000,0.037987,0.000000,0.143377,0.774266,0.177989,0.532994
train,1,0.497888,0.520209,0.624525,0.488079,0.489038,0.610575,0.630512,0.670773,0.647666
train,1,0.571696,0.590041,0.507680,0.639155,0.643415,0.633940,0.833188,0.961245,0.817756
train,1,0.925572,0.931851,0.925664,0.907897,0.780433,0.892467,0.440386,0.685820,0.724656
train,0,1.000000,0.834151,0.950138,0.593639,0.561042,0.817380,0.614881,0.505699,0.585174
train,0,0.140750,0.362591,0.021490,0.047606,0.382632,0.194396,0.568623,0.438958,0.744406
train,1,0.865473,0.894358,0.883730,0.812337,0.758071,0.863927,0.910519,0.972687,0.331334
train,1,0.628793,0.689097,0.651779,0.773156,0.752298,0.709737,0.933899,0.702166,0.468921
train,1,0.704836,0.570298,0.651719,0.620831,0.630221,0.710047,0.823604,0.717555,0.415525
train,1,0.467905,0.523714,0.559580,0.593052,0.565784,0.533780,0.782030,0.883811,0.434305
train,0,0.517131,0.476103,0.524834,0.635307,0.594770,0.753771,0.515226,0.632980,0.483007
train,0,0.350824,0.000000,0.250829,0.000000,0.000000,0.122534,0.323852,0.238262,0.592570
train,0,0.524415,0.177874,0.000000,0.439015,0.223429,0.027996,0.655637,0.541874,0.169073
train,0,0.320681,0.297846,0.060601,0.000000,0.000000,0.413676,0.325443,0.557733,0.494057
train,0,0.238928,0.406554,0.267619,0.407010,0.000000,0.151088,0.698082,0.320928,0.572604
train,0,0.205253,0.075863,0.171120,0.473340,0.168389,0.016004,0.353889,0.360209,0.402488
train,1,0.748600,0.704508,0.685202,0.701275,0.756705,0.663305,0.617848,0.889024,0.732683
train,1,0.757276,0.779814,0.673178,0.770230,0.790609,0.800290,0.827785,0.791714,0.796899
train,1,0.697780,0.667121,0.714280,0.790899,0.798409,0.674927,0.734221,0.600233,0.917241
train,1,0.846816,0.811709,0.681952,0.793305,0.799104,0.764459,0.815646,0.673682,0.854710
train,0,0.000000,0.000000,0.000000,0.000000,0.000000,0.000000,0.552073,0.646946,0.776185
train,0,0.284793,0.236804,0.000000,0.000000,0.000000,0.207207,0.559565,0.570030,0.503125
train,0,0.225901,0.370143,0.642644,0.511769,0.366687,0.454993,0.211569,0.131613,0.666126
train,1,0.683309,0.790735,0.802141,0.628645,0.667577,0.753378,0.862078,0.667217,0.840937
train,1,0.724512,0.634605,0.669836,0.627716,0.753887,0.698412,0.624005,0.804589,0.803695
train,1,0.445804,0.512638,0.490270,0.530572,0.422490,0.517688,0.820591,0.472772,0.649080
train,0,0.331268,0.359532,0.497434,0.193872,0.408266,0.487521,0.443496,0.469958,0.735237
train,1,0.653837,0.809576,0.795636,0.816148,0.888287,0.667520,0.932334,0.861678,0.807127
train,1,0.743632,0.923147,0.821817,0.836407,0.697137,0.744265,0.986874,0.730155,0.929701
train,1,0.992367,0.873270,0.740965,0.904999,0.814220,0.828664,0.867916,0.908206,0.939749
train,1,1.000000,0.833565,0.874901,0.957786,0.937380,0.886263,0.829071,0.846987,0.559146
train,1,0.668922,0.574040,0.553052,0.580284,0.636428,0.577316,0.744640,0.848444,0.796244
train,1,0.466881,0.568506,0.651879,0.567262,0.472106,0.568579,0.666351,0.946408,0.698288
train,0,0.563852,0.497508,0.598929,0.773268,0.376915,0.325406,0.173790,0.084073,0.369171
train,0,0.466304,0.411388,0.202966,0.530081,0.440961,0.368035,0.424068,0.776757,0.555765
train,1,0.224008,0.267839,0.275460,0.305284,0.234927,0.237603,0.827754,0.816882,0.885222
train,1,1.000000,1.000000,1.000000,1.000000,1.000000,1.000000,0.842128,0.868328,0.976259
train,0,0.483548,0.617044,0.556485,0.364129,0.519606,0.643284,0.414966,0.199666,0.339371
train,1,0.596637,0.603549,0.736131,0.467857,0.576433,0.800475,0.812624,0.772477,0.922284
train,0,0.451055,0.426748,0.042684,0.538743,0.431841,0.252861,0.246291,0.574265,0.640680
train,1,0.625640,0.706840,0.743363,0.762269,0.733496,0.648023,0.774492,0.897770,0.765855
train,1,0.599307,0.680816,0.673299,0.614058,0.714277,0.594740,0.565082,1.000000,0.725018
train,1,0.751950,0.757408,0.848764,0.796690,0.802272,0.888767,0.530369,0.953259,0.779133
train,0,0.278797,0.108980,0.328350,0.431652,0.316514,0.191707,0.412557,0.598067,0.403393
train,1,0.698590,0.683826,0.787424,0.804466,0.827277,0.802902,0.816934,0.693811,0.766718
train,1,0.652197,0.603415,0.710106,0.576793,0.665687,0.611572,0.826006,0.572937,0.891105
train,1,0.775508,0.803141,0.661622,0.786563,0.792386,0.762676,0.990738,0.880470,0.723072
train,1,0.581810,0.612887,0.609080,0.656625,0.658509,0.537256,0.808842,0.535423,0.534377
train,0,0.270167,0.010088,0.084078,0.209214,0.132916,0.000000,0.689537,0.665145,0.192973
train,1,0.410446,0.504189,0.480542,0.378117,0.329415,0.440818,0.526738,0.595328,0.505372
train,0,0.491793,0.316707,0.302982,0.368595,0.309550,0.641890,0.662609,0.274422,0.473521
train,1,0.943384,0.845626,0.941119,0.926887,1.000000,0.826222,0.798201,0.335705,0.737821
train,1,0.716009,0.726735,0.825223,0.649901,0.752163,0.713085,0.368160,0.917688,0.689152
train,0,0.390399,0.525926,0.337894,0.547501,0.896336,0.508466,0.649776,0.675712,0.456051
train,0,0.136140,0.000000,0.116900,0.590881,0.303506,0.136680,0.350859,0.692218,0.293953
train,0,0.281393,0.354692,0.539563,0.520135,0.295536,0.583457,0.253987,0.365013,0.231756
train,0,0.699707,0.627314,0.409303,0.575804,0.576566,0.366192,0.199070,0.259661,0.466506
train,0,0.301774,0.000000,0.134645,0.015984,0.111382,0.438391,0.512382,0.274085,0.710481
train,0,0.438254,0.483985,0.677340,0.637740,0.673942,0.066853,0.388564,0.214435,0.652805
train,1,0.768469,0.748889,0.720274,0.747320,0.784088,0.735732,0.837506,0.421384,0.955583
train,0,0.168157,0.505439,0.314568,0.280710,0.406839,0.320673,0.098060,0.266948,0.644454
train,1,0.452713,0.538581,0.401603,0.472330,0.434518,0.490384,0.647812,0.876563,0.839069
train,1,0.859327,0.687779,0.828059,0.700278,0.789848,0.811487,0.842537,0.803522,0.632573
train,1,0.747678,0.717315,0.750830,0.710574,0.687614,0.822886,0.764715,0.919293,0.681486
train,1,0.645424,0.673448,0.617351,0.663319,0.596197,0.614129,0.651805,0.697540,0.769193
train,1,0.564930,0.611940,0.666389,0.743252,0.515556,0.624926,0.823185,0.657266,0.656540
train,0,0.526017,0.410583,0.464027,0.348340,0.672102,0.612215,0.649819,0.605661,0.240995
train,1,0.425255,0.545976,0.404388,0.459626,0.506726,0.489080,0.665933,0.801983,0.820568
train,0,0.613199,0.605909,0.369581,0.654084,0.735092,0.575626,0.383695,0.542692,0.384174
train,1,1.000000,1.000000,1.000000,1.000000,1.000000,1.000000,0.736164,0.783076,0.691243
train,1,0.498792,0.526065,0.455979,0.341028,0.501037,0.359086,0.922962,0.656392,0.900017
train,0,0.628409,0.424226,0.853938,0.391254,0.564629,0.768647,0.648952,0.723727,0.306197
train,0,0.187994,0.345096,0.298204,0.508533,0.324334,0.284328,0.511757,0.000000,0.750956
train,1,0.507651,0.451854,0.432691,0.468967,0.516152,0.479278,0.716557,0.624821,0.740478
train,0,0.287483,0.466804,0.162848,0.010562,0.335350,0.000000,0.339031,0.646600,0.420377
train,1,0.561646,0.561347,0.593502,0.630488,0.506986,0.562998,0.929793,0.645160,0.516908
train,1,0.688224,0.698821,0.718579,0.742201,0.645209,0.642696,0.961378,0.766343,0.939911
train,1,0.619396,0.659931,0.646910,0.595470,0.679667,0.680336,0.739405,0.811798,0.733934
train,0,0.696822,0.795720,0.743009,0.700365,0.674019,0.800210,0.673812,0.172615,0.588020
train,1,0.545576,0.624082,0.492903,0.673491,0.707622,0.604336,0.760344,0.705069,0.777408
train,1,0.622346,0.564928,0.498239,0.560451,0.563591,0.562131,0.793471,0.728038,0.738638
train,1,0.753847,0.740404,0.813024,0.779462,0.723529,0.764613,0.680657,0.747974,0.518147
train,0,0.174016,0.420785,0.373949,0.479910,0.525777,0.469153,0.564896,0.038873,0.124127
train,1,0.298693,0.415469,0.402950,0.410003,0.414529,0.429742,0.942038,0.840945,0.694415
train,0,0.477097,0.207373,0.383125,0.392186,0.450782,0.248564,0.505591,0.384133,0.687167
train,1,0.849195,0.802303,0.610864,0.718006,0.907863,0.761899,0.532085,0.733049,0.977181
train,1,0.605943,0.682137,0.724591,0.607158,0.609202,0.653534,0.986467,0.846062,0.785162
train,0,0.227236,0.705986,0.705678,0.301929,0.086337,0.478215,0.741581,0.151468,0.816915
train,0,0.341175,0.335400,0.166200,0.271808,0.436977,0.368410,0.620203,0.474651,0.563670
train,1,0.876037,0.938216,0.931387,0.863835,0.723166,0.797024,0.856641,0.911883,0.643311
train,0,0.546165,0.675674,0.911307,0.783884,1.000000,0.567884,0.507491,0.374768,0.087010
train,1,0.517524,0.491853,0.578827,0.350387,0.521249,0.437967,0.621522,0.863539,0.705001
train,0,0.164231,0.119247,0.129064,0.123744,0.155285,0.238120,0.431300,0.240614,0.736654
train,0,0.115334,0.244830,0.402844,0.186814,0.338474,0.094878,0.755118,0.750018,0.665253
train,1,0.370228,0.501620,0.581926,0.502224,0.479514,0.388172,0.971580,0.740955,0.968335
train,0,0.129919,0.532349,0.102370,0.356166,0.212058,0.257533,0.268179,0.589699,0.449088
train,0,0.150354,0.016820,0.000000,0.000000,0.227589,0.148966,0.514534,0.712235,0.867546
train,0,0.018435,0.251598,0.061121,0.117834,0.301032,0.073750,0.142130,0.228810,0.460723
train,0,0.123407,0.000000,0.018087,0.000000,0.000000,0.010331,0.631259,0.006205,0.537254
train,1,0.827370,0.857137,0.759622,0.867405,0.739760,0.823066,0.590381,0.856677,0.741182
train,1,0.531918,0.585972,0.464886,0.597080,0.526505,0.627700,0.845828,0.816007,0.679495
train,1,0.467567,0.387724,0.448325,0.545534,0.382753,0.378678,0.850557,0.640631,0.694964
train,1,0.744223,0.723994,0.873499,0.787897,0.800542,0.712667,0.543120,0.920329,0.801976
train,0,0.088282,0.136071,0.204601,0.053547,0.467747,0.294963,0.759080,0.285436,0.409340
train,1,0.692906,0.779132,0.907769,0.714563,0.741311,0.710279,0.826726,0.901418,0.983646
train,0,0.098293,0.000000,0.028605,0.000000,0.000000,0.000000,0.380373,0.442364,0.392661
train,1,0.583316,0.604362,0.545845,0.522621,0.557212,0.361502,0.794561,0.778086,0.621686
train,0,0.250780,0.043239,0.141875,0.044316,0.000000,0.000000,0.234711,0.201498,0.497225
train,0,0.331020,0.508479,0.386442,0.459536,0.297451,0.559752,0.139492,0.830539,0.789197
train,1,0.831796,0.778124,0.872219,0.952017,0.883917,0.862280,0.852356,0.627381,0.842928
train,1,0.465025,0.452946,0.581468,0.458136,0.538770,0.454260,0.513649,0.827144,0.935542
train,1,0.738336,0.837240,0.720569,0.724081,0.785675,0.654796,0.767575,0.911794,0.879664
train,1,0.521750,0.450209,0.466241,0.406747,0.449853,0.547923,0.641880,0.777048,0.624236
train,1,0.823115,0.713355,0.751092,0.756981,0.662031,0.754871,0.423722,0.797460,0.662038
train,1,0.939380,0.897891,0.877843,0.897816,0.948620,0.867557,0.825258,0.638063,0.744891
train,1,0.709756,0.762370,0.735600,0.755021,0.673619,0.768791,0.938174,0.812416,0.546652
train,0,0.786865,0.684611,0.441376,0.413014,0.523993,0.585972,0.071105,0.322457,0.395336
train,1,0.560766,0.595676,0.520918,0.588576,0.558863,0.557654,0.852720,0.730019,0.705523
train,0,0.462967,0.461365,0.230337,0.507908,0.405354,0.294956,0.354120,0.711056,0.239340
train,1,0.866381,0.772490,0.810824,0.854939,0.842264,0.821585,0.732827,0.405605,0.682706
train,0,0.131611,0.000000,0.149038,0.000000,0.049882,0.000000,0.616306,0.886963,0.573456
train,0,0.126102,0.497842,0.518145,0.326220,0.397428,0.406813,0.822165,0.756719,0.337037
train,1,0.582160,0.499178,0.700036,0.584312,0.574724,0.552012,0.424549,0.574114,0.785885
train,0,0.129740,0.237635,0.129938,0.336014,0.000000,0.000000,0.586389,0.077358,0.943450
train,1,0.794740,0.802050,0.708063,0.652714,0.717720,0.803079,0.954816,0.693397,0.807848
train,1,0.509587,0.467450,0.675447,0.571904,0.582412,0.473212,0.801119,0.955283,0.872185
train,1,0.578418,0.605732,0.685477,0.716954,0.786470,0.841498,0.987929,0.791036,0.850904
train,0,0.191593,0.336675,0.189531,0.134174,0.378515,0.499595,0.633056,0.503917,0.606703
train,0,0.376253,0.116638,0.167083,0.359663,0.348000,0.218725,0.392240,0.570618,0.548814
train,0,0.388378,0.472244,0.306404,0.258514,0.635943,0.319195,0.471942,0.495048,0.212193
train,1,0.745433,0.726204,0.799441,0.684782,0.639387,0.773569,0.755725,0.872339,0.828793
train,1,0.610273,0.519784,0.577042,0.566013,0.625011,0.658165,0.703126,0.819690,0.821871
train,1,0.793864,0.760444,0.819744,0.733588,0.681600,0.879922,0.721414,0.736820,0.514803
train,1,0.630920,0.554724,0.561914,0.614046,0.566239,0.563420,0.512835,0.894981,0.821847
train,1,0.653491,0.805139,0.732126,0.671122,0.809105,0.775319,0.513485,0.861377,0.889880
train,1,0.567606,0.667496,0.639272,0.704141,0.737603,0.539701,0.873489,0.687634,0.457974
train,1,0.554996,0.613420,0.572028,0.501544,0.593461,0.603303,0.808190,0.677179,0.941723
train,1,0.839784,0.775270,0.816522,0.739563,0.774559,0.917029,0.767385,0.782221,0.971995
train,0,0.448889,0.000000,0.267378,0.213569,0.338115,0.364510,0.312087,0.253247,0.639969
train,1,0.531586,0.625922,0.417538,0.439780,0.491227,0.485409,0.976317,0.811595,0.744592
train,1,0.472447,0.526832,0.495475,0.462585,0.461166,0.458879,0.628266,0.830134,0.962815
train,1,0.881009,0.733789,0.907984,0.813512,0.883929,0.782634,0.818409,0.778852,0.818916
train,1,0.483297,0.468973,0.553705,0.542646,0.510822,0.477843,0.724070,0.710471,0.957110
train,0,0.155172,0.229135,0.611018,0.408752,0.470205,0.135798,0.330543,0.523121,0.577156
train,1,0.729473,0.673550,0.832465,0.604605,0.774337,0.780755,0.510366,0.795309,0.929385
train,1,0.668465,0.694496,0.636990,0.721177,0.588829,0.657726,0.762004,0.825884,0.705471
train,1,0.676856,0.666685,0.667330,0.616430,0.655533,0.790461,0.995865,0.722541,0.473880
train,0,0.184641,0.346523,0.238174,0.273111,0.079384,0.121015,0.294417,0.698912,0.172697
train,0,0.446508,0.110123,0.000000,0.373937,0.392830,0.023564,0.434279,0.508956,0.596155
train,1,0.308646,0.348078,0.344852,0.414366,0.352310,0.381477,0.467473,0.824844,0.801579
train,1,0.486575,0.426288,0.303767,0.504742,0.473993,0.414819,0.563025,0.738311,0.657412
train,1,0.669120,0.703415,0.903487,0.722243,0.821726,0.743859,0.686350,0.681248,0.607572
train,1,0.620616,0.588765,0.631683,0.656502,0.597517,0.653895,0.401039,0.615092,0.961848
train,0,0.010954,0.123971,0.000000,0.268223,0.041249,0.231415,0.278363,0.794800,0.174396
train,0,0.180475,0.094902,0.024690,0.169314,0.385385,0.137553,0.260497,0.289991,0.151241
train,1,0.834961,0.785890,0.835743,0.762727,0.785764,0.859529,0.914493,0.836415,0.773959
train,1,0.754560,0.610934,0.737584,0.591624,0.658465,0.725085,0.772101,0.810720,0.814052
train,0,0.075724,0.217787,0.099344,0.000000,0.181863,0.191693,0.332697,0.644956,0.203212
train,0,0.344287,0.554445,0.135518,0.255568,0.092063,0.278776,0.630727,0.699809,0.754869
train,1,0.568095,0.523223,0.648010,0.488228,0.498321,0.484248,0.851173,0.944138,0.763958
train,0,0.558548,0.700452,0.584011,0.450036,0.557138,0.652451,0.673352,0.768251,0.754019
train,0,0.207247,0.307980,0.069849,0.303622,0.276198,0.000000,0.789128,0.325655,0.691592
train,1,0.364073,0.455963,0.423352,0.260440,0.496650,0.430280,0.802722,0.556246,0.930968
train,1,0.726941,0.725680,0.860538,0.843683,0.854321,0.816383,0.747764,0.303425,0.538100
train,0,0.378621,0.376874,0.354989,0.209734,0.226170,0.132942,0.128209,0.797397,0.889719
train,1,0.555693,0.513077,0.516392,0.584475,0.467794,0.610936,0.299811,0.842112,0.772638
train,0,0.869746,0.293526,0.567852,0.638442,0.711865,0.361406,0.248758,0.419683,0.174892
train,1,0.845261,0.828740,0.793893,0.922790,0.753448,0.808122,0.826509,0.748145,0.487266
train,1,0.568027,0.759212,0.634067,0.678521,0.607638,0.576735,0.822544,0.762543,0.793595
train,0,0.633916,0.374603,0.532118,0.428323,0.271855,0.388725,0.480650,0.260059,0.398393
train,1,0.790610,0.989633,0.960553,0.811651,0.886177,0.970100,0.720870,0.742184,0.655849
train,0,0.262868,0.185857,0.327597,0.000000,0.403138,0.000000,0.135753,0.664046,0.531769
train,0,0.694148,0.537453,0.497336,0.431262,0.591114,0.079061,0.723708,0.702931,0.129725
train,0,0.593390,0.318219,0.500953,0.339181,0.500458,0.339804,0.483395,0.222951,0.244333
train,1,0.805914,0.887627,0.862405,0.926591,0.861199,0.723030,0.833161,0.916986,0.590161
train,1,0.857634,0.947665,0.858919,0.802229,0.969981,0.978416,0.853025,0.732661,0.915412
train,1,0.688049,0.643670,0.643600,0.750379,0.664561,0.624066,0.974752,0.525545,0.768666
train,0,0.000000,0.129083,0.001527,0.142336,0.000000,0.000000,0.624780,0.568251,0.200572
train,0,0.622998,0.530155,0.481162,0.399608,0.861204,0.559412,0.079275,0.474017,0.413399
train,0,0.391571,0.204065,0.197096,0.385998,0.305403,0.244919,0.525658,0.130217,0.393848
train,1,0.732278,0.731817,0.674491,0.638148,0.641619,0.730004,0.956197,0.511722,0.705601
train,0,0.205834,0.000000,0.173923,0.225868,0.130753,0.260090,0.809300,0.256771,0.705791
train,0,0.118271,0.154122,0.248115,0.000000,0.061323,0.144934,0.403060,0.550240,0.608302
train,0,0.377184,0.526745,0.635769,0.583464,0.487811,0.317669,0.288690,0.449399,0.714751
train,1,0.435348,0.491204,0.476119,0.573972,0.575010,0.484712,0.817008,0.681746,0.367584
train,1,0.654989,0.648284,0.768602,0.616373,0.770915,0.697134,0.778755,0.610900,0.780180
train,0,0.162296,0.519126,0.439724,0.406191,0.418211,0.454572,0.212861,0.490155,0.431769
train,1,0.735944,0.673451,0.755147,0.851880,0.800040,0.893464,0.752829,0.728738,0.711006
train,0,0.223323,0.000000,0.271522,0.022472,0.195040,0.265777,0.713539,0.339932,0.340647
train,0,0.000000,0.000000,0.000000,0.279949,0.003675,0.125381,0.822905,0.559183,0.727009
train,0,0.290332,0.573306,0.347216,0.526358,0.420616,0.701857,0.317593,0.541039,0.547844
train,1,0.509806,0.527599,0.586049,0.571104,0.585642,0.602770,0.752822,0.890471,0.325138
train,1,1.000000,1.000000,1.000000,0.960807,1.000000,1.000000,0.957188,0.707952,0.796002
train,0,0.387386,0.325257,0.358972,0.314204,0.514507,0.699821,0.456748,0.638864,0.431151
train,1,0.803751,0.622278,0.737134,0.691232,0.704112,0.672067,0.916104,0.719001,0.767915
train,0,0.193092,0.000000,0.000000,0.073985,0.059694,0.137062,0.340320,0.418155,0.829217
train,1,0.870151,0.804719,0.831444,0.758240,0.786755,0.816011,0.767936,0.655223,0.704884
train,0,0.510570,0.246430,0.463718,0.734631,0.571329,0.303019,0.767920,0.226784,0.353984
train,0,0.245728,0.260901,0.426175,0.519718,0.393913,0.617282,0.260758,0.575729,0.399033
train,1,0.528349,0.707496,0.629877,0.598418,0.657405,0.640210,0.766877,0.841412,0.658079
train,1,0.803074,0.670944,0.712838,0.752537,0.739203,0.669380,0.483745,0.895154,0.920152
train,0,0.275180,0.491137,0.471996,0.375477,0.496311,0.167735,0.176248,0.221163,0.272931
train,0,0.870776,0.576527,0.767623,0.603182,0.619720,0.466380,0.433193,0.186339,0.457257
train,1,1.000000,1.000000,1.000000,1.000000,1.000000,1.000000,0.865530,0.797572,0.862922
train,0,0.204682,0.506177,0.265353,0.427389,0.922170,0.485964,0.407293,0.676597,0.388082
train,0,0.105698,0.362004,0.000000,0.019441,0.139346,0.343265,0.559418,0.839694,0.303354
train,1,0.615363,0.620923,0.608917,0.536397,0.590258,0.583329,0.749461,0.674478,0.831709
train,1,0.644673,0.670494,0.679775,0.652640,0.696050,0.667351,0.639761,0.681725,0.858049
train,1,0.676197,0.751989,0.646338,0.772582,0.801481,0.693020,0.701316,0.688227,0.618934
train,0,0.000000,0.000000,0.000000,0.000000,0.000000,0.000000,0.718968,0.347995,0.571938
train,1,0.620475,0.708158,0.727395,0.767597,0.701295,0.734463,0.662912,0.890978,0.740927
train,1,0.430517,0.394866,0.396713,0.541639,0.331567,0.446090,0.614141,0.512356,0.754806
train,0,0.230053,0.230791,0.000000,0.235075,0.199584,0.368477,0.480752,0.266330,0.485610
train,0,0.353219,0.516491,0.365031,0.681688,0.485529,0.462822,0.721207,0.563742,0.544760
train,0,0.689039,0.515176,0.371336,0.818960,0.647935,0.437860,0.469522,0.228135,0.359951
train,0,0.728371,0.450024,0.264845,0.583369,0.602063,0.728374,0.553129,0.321689,0.501050
train,0,0.128353,0.166927,0.033292,0.159255,0.196361,0.350564,0.685095,0.554962,0.642470
train,0,0.549954,0.578858,0.473820,0.808015,0.102502,0.553777,0.340937,0.473463,0.562577
train,1,0.645697,0.709786,0.465188,0.513387,0.555975,0.639204,0.529924,0.915848,0.823895
train,1,0.596838,0.658467,0.754465,0.688523,0.593519,0.580932,0.921532,0.685945,0.732358
train,0,0.436601,0.528150,0.615282,0.591725,0.812727,0.633960,0.743126,0.337637,0.442684
train,1,0.814491,0.844524,0.751910,0.889040,0.963241,0.890062,0.829890,0.728858,0.545185
train,1,0.553649,0.541447,0.506387,0.535494,0.546836,0.501815,0.399911,0.974926,0.768420
train,1,0.396079,0.431349,0.286083,0.340935,0.311172,0.322699,0.653959,0.248344,0.609278
train,1,0.522312,0.651270,0.530073,0.590359,0.450353,0.674366,0.730142,0.860763,0.673244
train,1,0.875355,0.786815,0.665689,0.796535,0.805149,0.731051,0.934019,0.787808,0.823124
train,0,0.592830,0.341118,0.542363,0.641776,0.524717,0.664508,0.637571,0.623956,0.578608
train,0,0.000000,0.352973,0.099133,0.122842,0.000000,0.000000,0.857404,0.625272,0.233898
train,0,0.280279,0.510174,0.116712,0.239597,0.082438,0.165187,0.212372,0.077564,0.601917
train,1,0.635293,0.701896,0.664503,0.664759,0.583129,0.592593,0.942170,0.803090,0.764792
train,1,0.606386,0.672479,0.648487,0.752961,0.681090,0.672992,0.725133,0.636086,0.527907
train,1,0.827773,0.845824,0.771740,0.803243,0.825827,0.863252,0.772814,0.944052,0.351240
train,0,0.574161,0.410240,0.186259,0.566319,0.104803,0.364077,0.439098,0.520481,0.466529
train,0,0.183000,0.166892,0.000000,0.214063,0.174641,0.427206,0.411402,0.216461,0.170419
train,0,0.000000,0.000000,0.000000,0.000000,0.000000,0.000000,0.358264,0.597081,0.417873
train,0,0.284893,0.258257,0.000000,0.000000,0.000000,0.261536,0.717653,0.379173,0.605750
train,0,0.447423,0.220450,0.362707,0.000000,0.000000,0.449255,0.665583,0.067385,0.668698
train,1,1.000000,0.935554,0.907998,0.954131,0.912908,1.000000,0.834507,0.651370,0.979310
train,1,0.522534,0.497078,0.376471,0.471329,0.494659,0.506151,0.556898,0.421561,0.904220
train,1,0.469248,0.462014,0.447119,0.574775,0.544451,0.531817,0.640763,0.818807,0.498918
train,0,0.756413,0.383202,0.746692,0.272376,0.626233,0.427923,0.203200,0.427339,0.439173
train,0,0.232500,0.293376,0.181405,0.210457,0.205587,0.187157,0.742580,0.615311,0.561625
train,0,0.371246,0.668942,0.561140,0.592780,0.436434,0.497326,0.418056,0.913984,0.268269
train,0,0.515782,0.210028,0.184881,0.543632,0.170889,0.478508,0.576702,0.782556,0.433004
train,0,0.461930,0.672668,0.631699,0.683254,0.698993,0.850308,0.498946,0.326732,0.604520
train,0,0.210383,0.460164,0.191889,0.295835,0.262554,0.200758,0.387504,0.567690,0.265385
train,1,0.706584,0.708438,0.681569,0.646586,0.640473,0.579859,0.869495,0.807650,0.645926
train,1,0.722293,0.727596,0.585880,0.742092,0.643177,0.615560,0.856409,0.737351,0.683807
train,1,0.875249,0.871925,0.774610,0.808066,0.856865,0.802846,0.794559,0.725055,0.772177
train,0,0.610321,0.436242,0.427632,0.700965,0.443073,0.458450,0.665480,0.356425,0.406925
train,0,0.326689,0.317762,0.187846,0.311634,0.591503,0.417657,0.440972,0.839784,0.404317
train,0,0.193002,0.000000,0.222518,0.043103,0.085709,0.004708,0.054540,0.335698,0.335633
train,0,0.000000,0.000000,0.159223,0.000000,0.000000,0.049526,0.331096,0.328071,0.389344
train,1,0.756762,0.688341,0.718178,0.532177,0.656887,0.686655,0.831285,0.769749,0.475337
train,0,0.170253,0.337242,0.124401,0.156045,0.293514,0.170472,0.776692,0.351491,0.795962
train,0,0.110345,0.077692,0.248109,0.105472,0.388148,0.239018,0.329803,0.511864,0.373574
train,1,0.447406,0.342910,0.499980,0.426460,0.409994,0.374014,0.917650,0.699242,0.503693
train,0,0.222299,0.410231,0.158491,0.357297,0.211192,0.382242,0.494977,0.305843,0.501965
train,1,0.822233,0.622029,0.778037,0.907037,0.861612,0.671219,0.465612,0.687049,0.368959
train,0,0.546581,0.059660,0.041408,0.434958,0.450337,0.280888,0.654096,0.684704,0.442936
train,0,0.142696,0.295417,0.359005,0.546594,0.428532,0.186024,0.595307,0.177529,0.467980
train,0,0.393532,0.390008,0.354869,0.256819,0.071464,0.247169,0.468949,0.301947,0.527866
train,1,0.609522,0.601221,0.723439,0.533417,0.701855,0.660845,0.770893,0.834646,0.513521
train,1,0.562238,0.572602,0.701713,0.672465,0.627599,0.697881,0.753795,0.602052,0.872174
train,0,0.455921,0.604699,0.687458,0.623202,0.843570,0.622375,0.214215,0.443351,0.317574
train,0,0.209485,0.447015,0.531944,0.145782,0.223545,0.321835,0.298373,0.614445,0.525271
train,1,0.662207,0.698050,0.666417,0.722818,0.641573,0.627341,0.949770,0.738386,0.871935
train,1,0.828156,0.785541,0.821391,0.906892,0.854046,0.718044,0.779344,0.877326,0.693483
train,1,0.300756,0.321647,0.370645,0.309473,0.335388,0.292676,0.718958,0.681057,0.651700
train,0,0.527045,0.606667,0.318735,0.257453,0.204394,0.300648,0.322005,0.491379,0.381095
train,0,0.009693,0.377273,0.329471,0.619432,0.304843,0.152819,0.396683,0.233871,0.355465
train,0,0.104878,0.360702,0.264149,0.403802,0.148950,0.587700,0.034877,0.439329,0.246227
train,0,0.137842,0.049195,0.083074,0.181935,0.090922,0.000000,0.353871,0.404011,0.446310
train,1,0.695888,0.703943,0.763052,0.770896,0.683673,0.836151,0.353473,0.709100,0.744242
train,0,0.100275,0.080564,0.188640,0.267678,0.133467,0.000000,0.273852,0.502201,0.491589
train,0,0.000000,0.181283,0.404361,0.353416,0.226679,0.279571,0.124393,0.877779,0.488095
train,1,0.715857,0.722311,0.755757,0.742714,0.712058,0.660857,0.741446,0.541564,0.859314
train,1,0.837006,0.812773,0.776551,0.866941,0.905462,0.868148,0.911888,0.633364,0.537616
train,0,0.398816,0.906570,0.259860,0.370430,0.599088,0.575306,0.850360,0.781296,0.347824
train,0,0.358378,0.315910,0.095542,0.471705,0.415745,0.120449,0.652985,0.439601,0.193521
train,1,0.738220,0.741079,0.797101,0.780607,0.643910,0.805003,0.706267,0.866716,0.824239
train,0,0.246909,0.486230,0.349356,0.463603,0.392799,0.212269,0.283663,0.331473,0.704447
train,0,0.000000,0.000000,0.012868,0.000000,0.000000,0.208149,0.639945,0.150811,0.761748
train,0,0.686904,0.304060,0.413268,0.616072,0.448932,0.390718,0.670788,0.258766,0.496444
train,0,0.314703,0.308263,0.190800,0.016335,0.000000,0.000000,0.941932,0.527181,0.482210
train,0,0.384951,0.400887,0.077658,0.143265,0.147343,0.355685,0.411974,0.760150,0.513136
train,0,0.124230,0.060905,0.557706,0.362812,0.185998,0.358320,0.765540,0.648425,0.517089
train,1,0.262396,0.251966,0.298069,0.322878,0.356784,0.246434,0.969737,0.540686,0.928630
train,1,0.460324,0.492805,0.461705,0.469395,0.484484,0.446333,0.868396,0.498677,0.359252
train,1,0.877533,0.809356,0.764589,0.736870,0.731743,0.661698,0.581510,0.750690,0.632523
train,1,0.688762,0.739305,0.785568,0.714442,0.810847,0.746185,0.475709,0.738592,0.749178
train,1,0.835915,0.817707,0.836545,0.800587,0.827921,0.759579,0.875789,0.876772,0.583915
train,0,0.582034,0.426010,0.298417,0.472257,0.391689,0.390450,0.350168,0.712190,0.499954
train,1,0.710643,0.593667,0.646513,0.656938,0.724385,0.602238,0.447504,0.752424,0.806810
train,1,0.760911,0.603008,0.626479,0.519224,0.647101,0.652217,0.575184,0.735103,0.443126
train,0,0.499131,0.032174,0.169028,0.308227,0.539255,0.667408,0.774184,0.503521,0.548035
train,1,0.807938,0.760213,0.857815,0.743957,0.834959,0.926556,0.763915,0.578252,0.883358
train,0,0.320104,0.443002,0.215409,0.080228,0.372788,0.260907,0.125396,0.665339,0.327476
train,1,0.689149,0.666504,0.569685,0.730312,0.613729,0.544468,0.653086,0.680740,0.983023
train,0,0.141568,0.249294,0.400667,0.020499,0.335438,0.325575,0.586834,0.713191,0.793373
train,0,0.613291,0.613692,0.634507,0.709123,0.641276,0.672565,0.297624,0.477572,0.152220
train,0,0.000000,0.000000,0.000000,0.000000,0.000000,0.000000,0.220983,0.605029,0.614901
train,1,0.760720,0.724702,0.708443,0.765259,0.655707,0.701421,0.818991,0.645090,0.692868
train,1,0.268091,0.302516,0.445560,0.374845,0.403928,0.289480,0.643026,0.723712,0.988090
train,1,0.787492,0.750925,0.750228,0.817003,0.660243,0.643323,0.986009,0.657166,0.892259
train,0,0.128074,0.442979,0.050281,0.356989,0.250269,0.240044,0.419185,0.344614,0.581511
train,1,0.658762,0.635506,0.749323,0.608398,0.675550,0.696866,0.329685,0.687170,0.960950
train,0,0.284543,0.368417,0.468892,0.526114,0.388465,0.243425,0.566882,0.577820,0.813542
train,1,1.000000,1.000000,1.000000,1.000000,1.000000,1.000000,0.748840,0.718067,0.623589
train,1,0.684746,0.714810,0.622242,0.724921,0.729700,0.836757,0.605799,0.626675,0.572089
train,1,0.906181,0.878138,0.867577,0.847971,0.789464,0.804888,0.509759,0.855282,0.646905
train,1,0.656164,0.778654,0.666467,0.657740,0.546527,0.618721,0.521049,0.840341,0.984869
train,1,0.644162,0.596214,0.576630,0.618628,0.546717,0.641263,0.861032,0.124063,0.507737
train,1,0.879061,0.738724,0.854196,0.791230,0.657939,0.681214,0.644981,0.875696,0.809090
train,0,0.366042,0.501278,0.391227,0.018808,0.245222,0.000000,0.710114,0.337188,0.352945
train,0,0.410827,0.391676,0.417600,0.319274,0.277437,0.149488,0.537981,0.675727,0.294938
train,0,0.601934,0.500003,0.398080,0.486044,0.373409,0.437374,0.709442,0.503713,0.576309
train,1,0.480930,0.506790,0.445682,0.605019,0.640475,0.534802,0.525203,0.825636,0.665468
train,1,0.870923,0.917384,0.925340,0.860756,0.916589,0.920250,0.755770,0.629003,0.910794
train,0,0.058198,0.252097,0.492196,0.298630,0.346954,0.106953,0.589310,0.578904,0.422778
train,1,0.769702,0.753597,0.685077,0.774294,0.689013,0.702352,0.720027,0.902511,0.863268
train,0,0.513904,0.501509,0.422958,0.145726,0.534607,0.409753,0.542794,0.549857,0.544160
train,0,0.323251,0.610948,0.115259,0.251931,0.164440,0.147471,0.698443,0.596416,0.401561
train,0,0.346337,0.330868,0.409979,0.393332,0.647414,0.603953,0.357835,0.459358,0.483451
train,1,0.621746,0.560161,0.494160,0.529744,0.567190,0.521568,0.660199,0.711776,0.621024
train,0,0.507179,0.143275,0.120031,0.000000,0.208636,0.000000,0.297205,0.708526,0.557070
train,1,0.767538,0.807250,0.787831,0.845771,0.778514,0.763918,0.746868,0.772524,0.647180
train,0,0.199133,0.033226,0.050389,0.239973,0.224417,0.289959,0.033302,0.269516,0.278150
train,1,0.780190,0.866174,0.827565,0.745620,0.809231,0.850125,0.593744,0.444127,0.396148
train,0,0.477661,0.436679,0.108320,0.398550,0.471466,0.307330,0.333889,0.301858,0.307595
train,0,0.564432,0.585371,0.336212,0.622245,0.354574,0.538108,0.815235,0.267067,0.478568
train,0,0.000000,0.000000,0.309897,0.231064,0.075715,0.019724,0.224906,0.373997,0.552035
train,0,0.516329,0.395969,0.871594,0.289725,0.305754,0.624417,0.544254,0.290008,0.166611
train,1,0.744737,0.694010,0.768407,0.726962,0.765355,0.729670,0.871743,0.784994,0.735992
train,0,0.410870,0.183081,0.328362,0.449429,0.342212,0.204381,0.607640,0.772582,0.338593
train,1,0.902932,0.821499,0.944436,0.790964,0.976903,0.892851,0.300639,0.942114,0.585160
train,0,0.000000,0.000000,0.118882,0.100911,0.136617,0.000000,0.205408,0.403523,0.577120
train,1,0.924693,0.959434,0.828570,0.866947,0.814683,0.846919,0.947364,0.956487,0.854002
train,1,0.559374,0.736025,0.724718,0.684948,0.608652,0.613902,0.911843,0.929085,0.899465
train,0,0.109048,0.016514,0.101820,0.275084,0.140113,0.274765,0.357567,0.287658,0.573805
train,0,0.081160,0.000000,0.000000,0.000000,0.117113,0.371970,0.457881,0.791623,0.515557
train,0,0.000000,0.000000,0.000000,0.133736,0.033620,0.000000,0.209367,0.283895,0.264272
train,0,0.250965,0.363280,0.448236,0.664798,0.330766,0.344358,0.830718,0.628676,0.668293
train,0,0.485893,0.202744,0.250555,0.458627,0.274492,0.111802,0.761744,0.538414,0.330828
train,1,0.617819,0.583916,0.531422,0.567035,0.553276,0.506250,0.892417,0.836013,0.724496
train,0,0.140264,0.000000,0.000000,0.000000,0.000000,0.000000,0.599266,0.532995,0.517579
train,1,0.794650,0.757531,0.719162,0.789046,0.874732,0.741467,0.574815,0.899888,0.680891
train,0,0.429593,0.299355,0.199259,0.291244,0.246255,0.261406,0.488572,0.618400,0.604901
train,1,0.566507,0.625913,0.534564,0.527392,0.472329,0.525448,0.547859,0.866575,0.825369
train,0,0.415760,0.701560,0.675614,0.339096,0.458813,0.485707,0.562196,0.678551,0.709652
train,0,0.118620,0.269920,0.301182,0.299505,0.073963,0.000000,0.274471,0.638595,0.414199
train,1,0.340487,0.283688,0.143208,0.310975,0.353257,0.306040,0.977637,0.715429,0.933382
train,1,0.762037,0.770563,0.711472,0.669283,0.728415,0.667630,0.842404,0.679884,0.881110
train,1,0.709357,0.646398,0.682779,0.720961,0.634937,0.631674,0.936089,0.976491,0.840723
train,1,0.679302,0.727540,0.612496,0.760039,0.738351,0.715489,0.610990,0.591605,0.730629
train,1,0.892995,0.908965,0.961696,0.975762,0.887822,0.910485,0.805606,0.584544,0.683030
train,1,0.526123,0.540428,0.554310,0.445927,0.514259,0.618385,0.831975,0.740477,0.714323
train,1,0.982729,0.837519,0.971930,1.000000,1.000000,0.928916,0.946715,0.910812,0.897242
train,0,0.141865,0.108834,0.000000,0.164936,0.131062,0.096041,0.515498,0.325359,0.174539
train,0,0.283466,0.084317,0.000000,0.273171,0.000000,0.004442,0.487567,0.277493,0.770163
train,0,0.331759,0.161053,0.026196,0.000000,0.414869,0.083372,0.720497,0.881254,0.422869
train,0,0.321307,0.302181,0.276897,0.699917,0.403063,0.084207,0.457144,0.181246,0.569596
train,1,0.756138,0.574517,0.562741,0.610160,0.677112,0.697118,0.715064,0.633379,0.590208
train,1,0.403571,0.423098,0.506920,0.428604,0.460243,0.560887,0.870094,0.526263,0.867645
train,0,0.000000,0.000000,0.000000,0.022152,0.000000,0.000000,0.268436,0.492970,0.526890
train,1,0.914763,0.967582,0.967425,0.960864,0.927792,0.877614,0.759424,0.629042,0.837919
train,1,0.959824,0.973591,1.000000,0.950044,0.913659,0.976408,0.963037,0.743805,0.704266
train,1,0.900759,0.787183,0.850156,0.813331,0.848960,0.791609,0.692394,0.581411,0.886401
train,1,0.574781,0.641144,0.680068,0.594823,0.662260,0.618403,0.732935,0.955321,0.755647
train,0,0.674933,0.847349,0.779949,0.815678,0.760157,0.834204,0.825163,0.169450,0.425553
train,1,0.588840,0.689166,0.575792,0.627526,0.634945,0.737407,0.651799,0.805184,0.481425
train,1,0.877452,0.882903,0.821917,0.782433,0.786081,0.740045,0.841511,0.761271,0.652561
train,1,0.418997,0.536670,0.610954,0.544112,0.613368,0.574221,0.793109,0.897482,0.884190
train,0,0.459297,0.320296,0.320893,0.334362,0.030643,0.364233,0.404604,0.575509,0.335495
train,1,0.753008,0.668250,0.707741,0.822882,0.666891,0.609616,0.547260,0.795403,0.789032
train,1,0.673288,0.658400,0.592492,0.564251,0.658299,0.531203,0.826659,0.771397,0.849473
train,0,0.431014,0.489462,0.478935,0.257071,0.465254,0.532205,0.757356,0.421598,0.102353
train,0,0.548834,0.587792,0.356236,0.520685,0.606715,0.518751,0.209024,0.478614,0.371995
train,1,0.941269,0.943610,0.938772,0.819583,0.849831,0.890098,0.954299,0.855063,0.754095
train,1,0.804166,0.826135,0.858209,0.832547,0.716741,0.718583,0.906852,0.772439,0.756649
train,1,0.941660,0.904718,0.927807,1.000000,1.000000,0.993602,0.864213,0.899224,0.815161
train,0,0.000000,0.000000,0.000000,0.000000,0.000000,0.000000,0.616426,0.228163,0.501810
train,0,0.231203,0.378323,0.338650,0.132385,0.212541,0.228366,0.317444,0.681745,0.480062
train,1,0.773467,0.626424,0.647789,0.776596,0.570083,0.810281,0.744529,0.860213,0.745244
train,1,0.428305,0.555182,0.615443,0.591041,0.598478,0.661204,0.904731,0.914548,0.894218
train,0,0.545202,0.519169,0.139332,0.693556,0.608215,0.608041,0.462461,0.430638,0.627878
train,0,0.436121,0.361899,0.402623,0.414357,0.647397,0.957188,0.544362,0.331148,0.374681
train,0,0.055934,0.048976,0.393060,0.258801,0.295782,0.258360,0.548044,0.680298,0.794727
train,1,0.687082,0.768748,0.665226,0.654048,0.734520,0.613649,0.813388,0.745309,0.867628
train,1,0.614444,0.507422,0.574399,0.549134,0.490246,0.516867,0.940826,0.782753,0.954285
train,1,0.718647,0.794822,0.695281,0.807485,0.732309,0.703747,0.885333,0.681836,0.849050
train,1,0.759721,0.767632,0.606454,0.673018,0.773247,0.722245,0.831854,0.730272,0.966335
train,0,0.340534,0.587914,0.097580,0.250077,0.201756,0.000000,0.463721,0.671632,0.700299
train,1,0.754407,0.632899,0.636822,0.724970,0.678165,0.730306,0.898510,0.938431,0.751108
train,1,0.411444,0.394563,0.484025,0.393267,0.276611,0.402596,0.474941,0.827735,0.735816
train,1,0.970272,0.964397,0.962600,0.923069,0.937158,0.854193,0.437020,0.940293,0.594433
train,1,0.643750,0.623495,0.625568,0.669657,0.575640,0.542695,0.464898,0.561573,0.795078
train,1,0.564711,0.594006,0.536070,0.533727,0.500489,0.605547,0.669252,0.804257,0.931702
train,0,0.000000,0.337536,0.294560,0.098708,0.249823,0.385641,0.823134,0.540313,0.384355
train,0,0.525446,0.480920,0.599421,0.526681,0.356675,0.425395,0.420021,0.221306,0.144223
train,0,0.000000,0.028704,0.407037,0.049050,0.000000,0.069797,0.448117,0.574296,0.601247
train,0,0.994692,0.913202,0.579951,0.598609,0.574442,0.581663,0.675320,0.357681,0.356369
train,1,0.852488,0.879335,0.882897,0.904504,0.853678,0.922081,0.950260,0.562494,0.926088
train,0,0.428341,0.531919,0.545447,0.728355,0.570547,0.574976,0.095838,0.744424,0.717322
train,0,0.000000,0.115624,0.017225,0.242473,0.239988,0.093558,0.722795,0.533012,0.263444
train,0,0.007049,0.329076,0.000000,0.017468,0.403853,0.127986,0.348556,0.622825,0.385647
train,1,0.689015,0.612975,0.731425,0.556396,0.740146,0.611716,0.589476,0.488437,0.932584
train,1,0.809631,0.839446,0.715598,0.787517,0.792774,0.833675,0.874026,0.681536,0.842793
train,1,0.739612,0.693374,0.690235,0.777266,0.861656,0.776510,0.549400,0.658685,0.932193
train,1,0.872291,0.982338,0.823269,0.904148,0.934006,0.959415,0.856488,0.943254,0.655888
train,1,0.384302,0.455845,0.473024,0.425612,0.517174,0.474197,0.897233,0.806762,0.890190
train,1,0.692642,0.609949,0.673102,0.640345,0.684066,0.661079,0.232993,0.697399,0.640231
train,0,0.147903,0.000000,0.000000,0.000000,0.087839,0.094725,0.558027,0.551171,0.436423
train,1,0.634952,0.635222,0.643279,0.669745,0.793484,0.652770,0.869290,0.654794,0.978226
train,1,0.917610,0.926067,0.872086,0.857399,0.802702,0.812536,0.843267,0.524322,0.685105
train,1,0.797413,0.786617,0.754018,0.807716,0.590705,0.714024,0.511480,0.709919,0.669949
train,0,0.281833,0.175087,0.569413,0.313626,0.388730,0.288158,0.670359,0.389900,0.515362
train,1,0.861233,0.873013,0.855097,0.851912,0.808614,0.870897,0.511330,0.648744,0.785469
train,1,0.673736,0.559673,0.575055,0.638622,0.687541,0.703666,0.830562,0.770541,0.867218
train,0,0.110283,0.215944,0.283747,0.232405,0.315369,0.602424,0.796653,0.364532,0.541879
train,1,0.794521,0.870767,0.748417,0.783156,0.671490,0.832018,0.698174,0.739218,0.961679
train,0,0.000000,0.171614,0.000000,0.002449,0.067714,0.000000,0.600933,0.460451,0.393478
train,1,0.592704,0.723756,0.714704,0.806503,0.742899,0.666652,0.921952,0.731487,0.659631
train,1,0.733586,0.904008,0.657269,0.773750,0.693855,0.731928,0.741142,0.556838,0.609747
train,0,0.570646,0.351050,0.645878,0.310457,0.292956,0.282885,0.587646,0.381008,0.323927
train,0,0.039808,0.066084,0.145684,0.000000,0.176633,0.132690,0.684006,0.568374,0.260951
train,1,0.256322,0.315774,0.300296,0.330431,0.322280,0.287936,0.526090,0.519696,0.835189
train,0,0.493704,0.673504,0.713038,0.605474,0.494933,0.529703,0.218629,0.299697,0.445250
train,1,0.940344,0.925033,1.000000,0.908294,0.915952,0.952250,0.448475,0.465729,0.796003
train,0,0.703109,0.427469,0.661664,0.449864,0.709623,0.380750,0.000000,0.266271,0.651694
train,1,0.508704,0.521100,0.539425,0.507705,0.587237,0.621297,0.637575,0.917887,0.791485
train,1,0.532630,0.534903,0.707234,0.590561,0.601898,0.480592,0.865043,0.751686,0.747738
train,0,0.297138,0.428251,0.335828,0.412158,0.297903,0.336473,0.383016,0.437844,0.286806
train,1,0.734441,0.687548,0.803842,0.765122,0.644066,0.754255,0.933623,0.909061,0.971656
train,0,0.160832,0.013759,0.122476,0.000000,0.058751,0.213493,0.732695,0.627795,0.860202
train,0,0.289946,0.317976,0.292370,0.059027,0.210750,0.316847,0.596714,0.285795,0.635219
train,1,0.657747,0.558663,0.707107,0.660963,0.557813,0.734139,0.814615,0.711354,0.963083
train,1,0.615167,0.499496,0.641740,0.542545,0.621996,0.568462,0.767395,0.851622,0.845372
train,1,0.721022,0.688303,0.672462,0.704161,0.657405,0.699011,0.861647,0.769584,0.901359
train,1,0.825029,0.688866,0.732841,0.615844,0.800982,0.681143,0.759244,0.838801,0.802355
train,0,0.185414,0.050922,0.011062,0.360054,0.105526,0.000000,0.719072,0.652212,0.410049
train,1,0.641327,0.758319,0.818510,0.583615,0.580309,0.598448,0.663793,0.831839,0.812092
train,1,0.450775,0.467680,0.433204,0.340120,0.431708,0.431611,0.817531,0.846819,0.552781
train,1,0.830957,0.808592,0.775088,0.817078,0.866372,0.811743,0.576176,0.639194,0.865437
train,1,0.599390,0.591362,0.444267,0.523201,0.495625,0.625027,0.631626,0.892275,0.714743
train,1,0.885661,0.775778,0.876442,0.896395,0.937890,0.859274,0.672128,0.635209,0.588675
train,0,0.525816,0.296514,0.263506,0.244640,0.370272,0.521676,0.798624,0.739198,0.000000
train,0,0.355959,0.517619,0.253048,0.214517,0.551734,0.471294,0.711118,0.105110,0.401947
train,0,0.155668,0.093283,0.000000,0.147547,0.460207,0.000000,0.421530,0.115535,0.517681
train,0,0.000000,0.002231,0.109040,0.000000,0.079414,0.000000,0.468864,0.318151,0.510710
train,0,0.595296,0.341178,0.432743,0.618916,0.306333,0.510780,0.421028,0.446565,0.717941
train,1,0.816921,0.766569,0.884101,0.934009,0.986014,0.909137,0.730847,0.372302,0.569912
train,1,0.652167,0.739355,0.513286,0.560515,0.596851,0.586039,0.509382,0.751532,0.769890
train,0,0.358793,0.268696,0.376075,0.348631,0.344765,0.303340,0.373160,0.406939,0.804295
train,1,0.532524,0.710608,0.762476,0.639966,0.533681,0.566729,0.933665,0.824429,0.818545
train,0,0.271998,0.000000,0.229530,0.015983,0.140385,0.562281,0.232709,0.659057,0.561782
train,0,0.017129,0.000000,0.000000,0.087600,0.000000,0.031451,0.261289,0.446987,0.628239
train,0,0.749993,0.534138,0.490507,0.608794,0.403828,0.517034,0.421496,0.272025,0.559839
train,0,0.000000,0.111278,0.274209,0.109028,0.231044,0.115346,0.357915,0.597735,0.374162
train,0,0.403080,0.000000,0.216685,0.179397,0.408414,0.363121,0.615168,0.213470,0.414911
train,0,0.530971,0.076937,0.154929,0.212989,0.056628,0.123607,0.403160,0.605507,0.056817
train,0,0.074442,0.000000,0.152190,0.202460,0.028887,0.287801,0.642002,0.510723,0.519459
train,0,0.000000,0.367012,0.233918,0.000000,0.256820,0.109551,0.326380,0.318126,0.641592
train,1,0.654892,0.686197,0.620356,0.725378,0.736401,0.849162,0.802400,0.636543,0.830836
train,0,0.315712,0.367326,0.252546,0.432664,0.591450,0.570260,0.906316,0.262270,0.690342
train,1,0.645511,0.715181,0.733857,0.695620,0.740846,0.721864,0.797673,0.874384,0.503099
train,0,0.453919,0.450365,0.380905,0.775051,0.745406,0.549089,0.215731,0.036466,0.799587
train,0,0.316363,0.346149,0.452495,0.182406,0.593438,0.306957,0.387109,0.530980,0.648706
train,0,0.489875,0.411863,0.348424,0.652289,0.321223,0.550410,0.561486,0.396580,0.735380
train,0,0.652756,0.387088,0.573410,0.666610,0.264317,0.412162,0.048390,0.086425,0.167289
train,1,0.719758,0.679992,0.650902,0.612655,0.651869,0.630665,0.658598,0.699553,0.936842
train,0,0.208002,0.227388,0.005383,0.000000,0.214545,0.249899,0.363187,0.763499,0.508188
train,0,0.488080,0.707614,0.621776,0.624704,0.389042,0.439348,0.236847,0.518322,0.639078
train,1,0.410463,0.530975,0.414005,0.307383,0.393569,0.299818,0.835841,0.698466,0.863972
train,1,0.768072,0.869325,0.734261,0.836344,0.827366,0.779664,0.902033,0.851853,0.762613
train,0,0.190291,0.300085,0.214208,0.143107,0.206745,0.153519,0.383494,0.372091,0.418077
train,0,0.438461,0.478006,0.270102,0.410562,0.607314,0.576038,0.292003,0.300443,0.299767
train,0,0.596930,0.420065,0.380367,0.582751,0.287405,0.541356,0.464351,0.455208,0.540709
train,0,0.464332,0.377059,0.723308,0.531754,0.283480,0.179391,0.767231,0.367074,0.629268
train,1,0.904235,1.000000,1.000000,1.000000,1.000000,1.000000,0.781208,0.323679,0.671205
train,0,0.327646,0.081346,0.185229,0.207139,0.161206,0.362732,0.609415,0.441389,0.698237
train,1,0.628855,0.624423,0.620410,0.599981,0.712608,0.773541,0.791421,0.910539,0.782625
train,1,0.801051,0.692347,0.812182,0.787703,0.822079,0.767602,0.781741,0.831706,0.931255
train,0,0.048422,0.250973,0.259844,0.507965,0.293921,0.260144,0.389118,0.587033,0.097943
train,1,0.907674,1.000000,0.886241,0.934531,1.000000,0.853616,0.723050,0.856410,0.879619
train,0,0.158912,0.216507,0.456847,0.424782,0.350567,0.735111,0.347450,0.819037,0.740322
train,0,0.727483,0.695407,0.685515,0.441374,0.800013,0.255779,0.503601,0.777527,0.307154
train,0,0.157798,0.154220,0.000000,0.187259,0.165347,0.249113,0.131528,0.707196,0.526819
train,0,0.199464,0.419802,0.455425,0.427295,0.226944,0.000000,0.465038,0.677272,0.216339
train,0,0.000000,0.094744,0.425435,0.142180,0.186643,0.225647,0.596871,0.556298,0.597796
train,0,0.506257,0.707909,0.773102,0.446080,0.611036,0.687423,0.702683,0.276066,0.432888
train,1,0.621000,0.419491,0.456883,0.547478,0.622290,0.541339,0.919348,0.569095,0.748375
train,0,0.523426,0.577377,0.825048,0.427201,0.308133,0.229994,0.800742,0.636957,0.673196
train,0,0.403076,0.404098,0.352554,0.000000,0.119839,0.498505,0.180172,0.025377,0.215650
train,1,0.757602,0.723452,0.723508,0.690619,0.821973,0.767960,0.780095,0.874518,0.943017
train,1,0.500874,0.596552,0.524159,0.519043,0.663197,0.567063,0.865949,0.847904,0.880567
train,1,0.481135,0.443745,0.579245,0.370020,0.429868,0.543925,0.816354,0.796606,0.806449
train,1,0.840179,0.753396,0.852692,0.792138,0.717163,0.829073,0.786646,0.785148,0.964437
train,1,0.684404,0.867797,0.623389,0.701761,0.725013,0.687929,0.757823,0.583433,0.849844
train,1,0.686002,0.684550,0.673751,0.605490,0.727212,0.718131,0.566373,0.933648,0.927545
train,0,0.343118,0.223526,0.004590,0.136579,0.000000,0.173228,0.239918,0.423444,0.355750
train,0,0.170173,0.353154,0.559456,0.314997,0.130390,0.387305,0.371746,0.429713,0.616121
train,1,0.810917,0.715765,0.795838,0.703503,0.715116,0.695812,0.815148,0.355744,0.769862
train,1,0.817327,0.745249,0.816643,0.735298,0.747290,0.851432,0.907015,0.768714,0.801651
train,1,0.861752,0.865648,0.801081,0.919406,0.821270,0.844635,0.958653,0.844125,0.760717
train,0,0.462783,0.232377,0.464171,0.485040,0.430910,0.343977,0.540077,0.455155,0.472284
train,0,0.670440,0.421156,0.901167,0.454659,0.671638,0.576486,0.364068,0.463007,0.500067
train,1,0.923516,0.949403,0.871117,0.935114,0.786005,0.917063,0.871537,0.942052,0.935465
train,0,0.267716,0.022345,0.293787,0.218441,0.022406,0.150750,0.169316,0.543679,0.385286
train,1,0.759432,0.735095,0.973384,0.749005,0.797965,0.702217,0.834614,0.966849,0.471622
train,1,1.000000,0.941349,0.966859,0.886362,0.781549,0.770592,0.897107,0.860200,0.748656
train,0,0.245431,0.205369,0.116400,0.123219,0.254341,0.051108,0.514862,0.745452,0.794357
train,1,0.620363,0.587815,0.532183,0.666723,0.665103,0.670521,0.471226,0.487323,0.515683
train,0,0.077006,0.426221,0.281393,0.397424,0.360677,0.352009,0.491887,0.750977,0.839899
train,0,0.565897,0.347716,0.558338,0.566654,0.313190,0.315085,0.292163,0.796724,0.490976
train,0,0.693706,0.287209,0.371398,0.635095,0.088044,0.068231,0.624569,0.403425,0.711266
train,1,0.712453,0.849959,0.698707,0.731055,0.757747,0.685770,0.853000,0.476047,0.853625
train,1,0.344558,0.470143,0.285881,0.366499,0.388494,0.517095,0.641098,0.694188,0.619560
train,0,0.798626,0.715307,0.606075,0.482860,0.510790,0.356674,0.221455,0.271930,0.518592
train,0,0.505128,0.462320,0.457367,0.242863,0.416463,0.128496,0.713143,0.436838,0.531183
train,1,0.710058,0.634862,0.669884,0.579791,0.536386,0.733612,0.894068,0.690636,0.564640
train,1,0.640738,0.403879,0.604103,0.528406,0.531611,0.657770,0.721553,0.853722,0.806951
train,1,0.828617,0.819293,0.923523,0.835341,0.919983,0.879451,0.683336,0.725437,0.586826
train,0,0.571374,0.542379,0.239530,0.573608,0.579809,0.678336,0.381088,0.617033,0.516748
train,0,0.228508,0.286652,0.276708,0.336927,0.653917,0.679546,0.782579,0.625559,0.258993
train,1,0.680353,0.813713,0.708550,0.817696,0.750494,0.736764,0.752466,0.528756,0.847222
train,1,0.914907,0.853415,0.822918,0.931235,0.909552,0.766743,0.611235,0.775861,0.749355
train,0,0.445799,0.609743,0.537367,0.627662,0.526229,0.242494,0.496599,0.263787,0.467678
train,1,0.538564,0.496715,0.501172,0.576247,0.463515,0.446233,0.731078,0.459918,0.751961
train,0,0.697523,0.914436,0.519077,0.489212,0.322861,0.642350,0.449300,0.501724,0.779687
train,0,0.191102,0.225517,0.000000,0.162385,0.202087,0.285120,0.789423,0.447549,0.118613
train,0,0.498393,0.446055,0.696960,0.188778,0.686203,0.341721,0.647548,0.654291,0.640719
train,0,0.547309,0.281553,0.170183,0.000000,0.481375,0.249313,0.366676,0.393148,0.741866
train,0,0.176742,0.545183,0.539073,0.031149,0.053492,0.030299,0.577978,0.395354,0.444708
train,0,0.211923,0.009208,0.000000,0.033264,0.003471,0.093257,0.538009,0.408485,0.378013
train,1,0.723760,0.757433,0.883322,0.855522,0.894352,0.788808,0.630851,0.795736,0.884760
train,1,0.601934,0.451555,0.444327,0.504618,0.501552,0.452814,0.856644,0.891994,0.505881
train,0,0.057726,0.412325,0.000000,0.015453,0.284970,0.167189,0.216090,0.334593,0.678789
train,1,0.736710,0.761304,0.630904,0.765364,0.653195,0.756282,0.700523,0.695350,0.718792
train,1,0.671823,0.737761,0.718951,0.753201,0.557517,0.688613,0.888715,0.463758,0.751683
train,0,0.826334,0.762561,0.235758,0.462956,0.593554,0.434370,0.790073,0.385017,0.613822
train,1,0.626269,0.657673,0.575631,0.755717,0.720522,0.671167,0.832549,0.730239,0.801649
train,0,0.166957,0.163021,0.293945,0.126628,0.403071,0.355075,0.845493,0.831355,0.399772
train,1,0.501530,0.499818,0.612456,0.558255,0.505289,0.519529,0.905881,0.607588,0.393458
train,1,0.601014,0.723245,0.590258,0.549723,0.580888,0.596845,0.933752,0.831995,0.783940
train,0,0.000000,0.217475,0.041293,0.380770,0.136279,0.477364,0.029229,0.556244,0.213233
train,0,0.352001,0.485977,0.647381,0.617670,0.614227,0.981294,0.602292,0.364821,0.473244
train,0,0.720666,0.674067,0.553512,0.625628,0.645923,0.683548,0.787986,0.247676,0.447762
train,0,0.304803,0.125227,0.000000,0.068685,0.011046,0.305239,0.354807,0.747058,0.466499
train,0,0.481533,0.744451,0.596068,0.659012,0.822918,0.446049,0.592085,0.544448,0.710340
train,0,0.124433,0.121656,0.517918,0.120457,0.449385,0.206998,0.560147,0.579890,0.775848
train,0,0.329026,0.340681,0.357378,0.371537,0.478668,0.312581,0.239684,0.066696,0.532565
train,1,0.508467,0.419848,0.445460,0.610570,0.465658,0.436443,0.886838,0.685465,0.739606
train,0,0.356824,0.258096,0.074758,0.410818,0.320737,0.037958,0.501984,0.833616,0.429096
train,0,0.000000,0.000000,0.000753,0.223264,0.366061,0.000000,0.420922,0.226691,0.490242
train,1,0.688036,0.697982,0.715835,0.810796,0.693327,0.710866,0.448788,0.799871,0.769830
train,0,0.472013,0.891846,0.307413,0.749563,0.717800,0.429315,0.556858,0.211024,0.528495
train,0,0.334910,0.430373,0.538100,0.608023,0.573175,0.441941,0.905388,0.637780,0.344912
train,1,0.495727,0.372010,0.405944,0.478045,0.303336,0.324373,0.505831,0.845155,0.886340
train,0,0.347533,0.847020,0.632516,0.249740,0.836195,0.737049,0.673046,0.287031,0.265458
train,1,0.614572,0.715133,0.726795,0.713042,0.677148,0.693579,0.654110,0.669250,0.571969
train,0,0.054955,0.320643,0.539080,0.200517,0.296731,0.397409,0.096618,0.198495,0.521012
val,0,0.821754,0.388564,0.484212,0.583596,0.433554,0.589315,0.526267,0.631613,0.287461
val,0,0.000000,0.123707,0.146976,0.000000,0.000000,0.000000,0.742286,0.864377,0.403471
val,0,0.547762,0.624374,0.217250,0.452296,0.243120,0.412174,0.586396,0.186371,0.550150
val,0,0.674904,0.520813,0.524069,0.587173,0.371980,0.365419,0.389255,0.457242,0.855111
val,0,0.765327,0.417240,0.309260,0.687292,0.759514,0.787332,0.484835,0.513948,0.436446
val,0,0.538154,0.633065,0.485734,0.368667,0.452059,0.592741,0.741048,0.643046,0.646370
val,0,0.281000,0.343710,0.423050,0.033428,0.317913,0.000000,0.680311,0.456190,0.377923
val,1,0.887292,0.878647,0.794360,0.761266,0.718878,0.747836,0.865261,0.892450,0.804089
val,1,0.561415,0.696578,0.750757,0.737130,0.659581,0.604638,0.819647,0.379170,0.512382
val,1,0.376555,0.282761,0.382268,0.333193,0.384107,0.360205,0.530922,0.838697,0.817571
val,0,0.072390,0.546724,0.296844,0.246254,0.280983,0.269517,0.360360,0.576630,0.174945
val,0,0.158437,0.633700,0.617161,0.000000,0.349655,0.434276,0.355667,0.771956,0.693374
val,0,0.083881,0.044305,0.000000,0.000000,0.000000,0.000000,0.514631,0.674332,0.570357
val,1,0.653613,0.688546,0.775060,0.783128,0.738222,0.821344,0.934195,0.524033,0.476074
val,1,0.630635,0.673893,0.709273,0.574615,0.617813,0.663227,0.799943,0.654458,0.674729
val,1,0.697103,0.725088,0.659543,0.718504,0.610835,0.682675,0.580073,0.856043,0.683406
val,1,0.635184,0.642226,0.627116,0.692283,0.668115,0.680331,0.835611,0.755270,0.711861
val,1,0.809346,0.853876,0.855079,0.900529,0.892896,0.914127,0.895855,0.807605,0.842719
val,1,0.700740,0.642872,0.551314,0.534570,0.550571,0.563740,0.883848,0.394911,0.688762
val,1,0.718144,0.655930,0.567806,0.733788,0.646683,0.725003,0.522318,0.387592,0.769794
val,0,0.063476,0.163564,0.233498,0.134892,0.075215,0.302092,0.490201,0.237348,0.464300
val,1,0.745486,0.710474,0.766233,0.738081,0.806137,0.776465,0.857356,0.619683,0.660961
val,0,0.733179,0.315709,0.463772,0.631917,0.475949,0.177924,0.730920,0.582593,0.447740
val,1,1.000000,1.000000,0.959980,0.885073,1.000000,0.966209,0.726392,0.653186,0.452112
val,1,0.803455,0.874226,0.747308,0.829705,0.792576,0.841666,0.629561,0.560860,0.619116
val,1,0.579649,0.714485,0.630913,0.631499,0.558416,0.607856,0.863885,0.810353,0.912967
val,1,0.794225,0.754163,0.851848,0.849791,0.775647,0.730307,0.797068,0.691510,0.720718
val,0,0.990765,1.000000,0.961912,1.000000,0.709060,0.693565,0.489232,0.347143,0.443324
val,1,0.829336,0.936474,0.811485,0.791557,0.806436,0.767178,0.726895,0.701811,0.706506
val,1,0.937448,0.899907,0.896823,0.910581,1.000000,0.997264,0.838021,0.823512,0.682689
val,1,0.560717,0.475385,0.507359,0.557440,0.528149,0.540471,0.661345,0.721163,0.830276
val,0,0.000000,0.000000,0.357218,0.363500,0.024740,0.000000,0.422474,0.812581,0.596836
val,1,0.663150,0.713732,0.682724,0.723110,0.721126,0.670998,0.920795,0.892676,0.887873
val,1,0.840861,0.781942,0.653889,0.770083,0.781612,0.756147,0.734884,0.932465,0.594191
val,1,0.720401,0.694956,0.727849,0.813948,0.681906,0.750949,0.644261,0.708125,0.727150
val,0,0.450539,0.370994,0.306902,0.341486,0.397006,0.028094,0.676711,0.438704,0.629399
val,1,0.768943,0.716673,0.649275,0.708570,0.801256,0.735042,0.572419,0.678109,0.855196
val,0,0.067256,0.000000,0.000000,0.375152,0.000000,0.427532,0.388538,0.697663,0.072722
val,1,0.743925,0.708513,0.884472,0.708886,0.698350,0.754938,0.666231,0.653781,0.742437
val,0,0.521004,0.000000,0.191148,0.127212,0.121134,0.100360,0.548621,0.486872,0.227252
val,0,0.428510,0.657006,0.563857,0.847355,0.329858,0.428739,0.022795,0.503886,0.548071
val,0,0.000000,0.233940,0.052771,0.044218,0.249162,0.000000,0.083594,0.197519,0.494686
val,1,0.605697,0.701828,0.689848,0.670995,0.584199,0.600695,0.796757,0.923907,0.706498
val,1,0.537655,0.591904,0.377826,0.541195,0.508273,0.432098,0.774628,0.786299,0.904859
val,0,0.665459,0.195334,0.541758,0.510864,0.360021,0.000000,0.469607,0.418555,0.141900
val,0,0.455658,0.302949,0.255822,0.295302,0.063326,0.324079,0.782392,0.355276,0.350269
val,1,0.380050,0.408557,0.413450,0.382565,0.332795,0.308183,0.847852,0.939313,0.884406
val,1,0.519873,0.683402,0.524583,0.545940,0.651642,0.677217,0.746883,0.497637,0.884555
val,1,0.859417,0.778446,0.887567,0.683500,0.677051,0.832750,0.459403,0.966953,0.488594
val,0,0.213727,0.292179,0.000000,0.334393,0.231832,0.091066,0.378791,0.652437,0.263778
val,0,0.240701,0.054299,0.338860,0.092590,0.142506,0.123469,0.920675,0.197913,0.664365
val,1,0.795505,0.615205,0.768124,0.798029,0.791205,0.804499,0.958207,0.892797,0.587124
val,1,0.924826,1.000000,0.934127,0.875714,0.846079,0.908333,0.886008,0.620476,0.515111
val,1,0.891470,0.948252,0.923580,0.901260,0.983065,0.977427,0.807428,0.823899,0.703029
val,0,0.775384,0.584545,0.563605,0.325155,0.829540,0.720257,0.568080,0.600905,0.331048
val,0,0.455091,0.668530,0.223993,0.255784,0.605743,0.498594,0.425825,0.483295,0.396999
val,1,0.631003,0.606005,0.719543,0.691683,0.626055,0.575958,0.871897,0.756145,0.859257
val,0,0.004306,0.284992,0.500286,0.260806,0.000000,0.264097,0.385927,0.722372,0.562526
val,0,0.239074,0.292927,0.087751,0.091602,0.000000,0.000000,0.464868,0.740440,0.518832
val,1,0.753537,0.678914,0.638507,0.688420,0.717272,0.703195,1.000000,0.698932,0.927936
val,1,0.808764,0.777457,0.786384,0.758554,0.859845,0.746659,0.485515,0.972911,0.935774
val,0,0.115467,0.000000,0.265071,0.127295,0.057173,0.072415,0.701821,0.501725,0.332611
val,0,0.028920,0.308539,0.407094,0.372864,0.188900,0.303262,0.545174,0.456018,0.394839
val,1,0.610119,0.735777,0.628662,0.650303,0.590463,0.571265,0.804447,0.817426,0.848211
val,1,0.627198,0.734421,0.745422,0.694371,0.712107,0.800935,0.660202,0.846038,0.708247
val,0,0.000000,0.071535,0.000000,0.058958,0.000000,0.000000,0.533628,0.392016,0.332888
val,0,0.084125,0.204429,0.175367,0.229395,0.385598,0.339668,0.382718,0.594389,0.373057
val,0,0.329192,0.265342,0.260890,0.450794,0.432277,0.642026,0.242047,0.621125,0.286136
val,0,0.513218,0.655785,0.353342,0.232141,0.682583,0.421491,0.536535,0.620926,0.067954
val,0,0.343826,0.300858,0.486738,0.364443,0.445977,0.462615,0.653686,0.546947,0.417598
val,0,0.044317,0.103506,0.052513,0.002238,0.041953,0.167990,0.244938,0.365235,0.693800
val,1,0.593340,0.696076,0.675017,0.684247,0.653965,0.646565,0.662129,0.867936,0.924890
val,1,0.645381,0.626238,0.483070,0.587075,0.682344,0.656388,0.683641,0.899259,0.716317
val,0,0.123610,0.075934,0.051327,0.000000,0.313439,0.374134,0.617481,0.447560,0.339678
val,1,0.358346,0.541413,0.494352,0.321842,0.432040,0.519456,0.571188,0.925265,0.644330
val,1,0.990721,0.870644,0.960933,0.883209,0.952790,0.960195,0.720821,0.845115,0.797380
val,0,0.177220,0.121937,0.143759,0.171987,0.142038,0.259775,0.456685,0.556306,0.046762
val,0,0.194306,0.000000,0.222161,0.088144,0.054627,0.092076,0.729961,0.407716,0.308392
val,0,0.252679,0.348500,0.644716,0.147715,0.326719,0.167490,0.465477,0.534659,0.122830
val,1,0.759972,0.732142,0.693249,0.749195,0.712603,0.745692,0.553321,0.631287,0.773636
val,0,0.119357,0.408907,0.170186,0.193409,0.386691,0.606650,0.794953,0.613694,0.234808
val,0,0.333064,0.153302,0.549950,0.299314,0.687207,0.412656,0.462049,0.219917,0.516524
val,1,0.822069,0.761050,0.813227,0.768144,0.750558,0.890873,0.758735,0.886166,0.611773
val,1,0.709648,0.770714,0.815726,0.692138,0.766288,0.842877,0.356892,0.763379,0.645423
val,1,0.780712,0.829519,0.712265,0.709049,0.799012,0.719657,0.660902,0.675442,0.737391
val,0,0.256134,0.381453,0.435395,0.369332,0.363838,0.287251,0.403691,0.665420,0.617371
val,1,0.778424,0.729688,0.915746,0.850235,0.804676,0.708805,0.611946,0.622050,0.669385
val,1,0.747379,0.697324,0.743727,0.769830,0.723070,0.765638,0.493405,0.842886,0.602726
val,0,0.617589,0.455655,0.684737,0.166935,0.769083,0.789806,0.540304,0.300113,0.871106
val,0,0.073281,0.255502,0.224333,0.330179,0.312902,0.233359,0.270134,0.462464,0.589127
val,1,0.384584,0.519719,0.560351,0.532720,0.594010,0.654329,0.645530,0.849731,0.919171
val,1,0.586765,0.588726,0.598125,0.629597,0.530486,0.607521,0.630164,0.954957,0.685777
val,1,0.557515,0.547951,0.533068,0.501879,0.590077,0.503613,0.836692,0.545986,0.511591
val,0,0.373504,0.294240,0.616234,0.437111,0.407914,0.512196,0.467428,0.320184,0.537362
val,0,0.047561,0.348683,0.304094,0.251454,0.179107,0.000000,0.359249,0.606079,0.649596
val,1,0.642373,0.585459,0.602228,0.570872,0.538013,0.526826,0.827289,0.951161,0.621497
val,0,0.000000,0.000000,0.000000,0.010349,0.054184,0.270806,0.146034,0.295478,0.452790
val,1,0.445851,0.563273,0.541224,0.491257,0.545069,0.477009,0.828186,0.782907,0.691923
val,1,0.784932,0.596659,0.867600,0.837641,0.755285,0.657477,0.780030,0.877441,0.590915
val,1,0.647484,0.728279,0.818576,0.799278,0.726564,0.827896,0.325382,0.854948,0.914775
val,1,0.698355,0.632751,0.772631,0.791755,0.679842,0.674831,0.619034,0.790179,0.388464
val,1,0.829199,0.827317,0.791855,0.911861,0.734617,0.844584,0.752788,0.740845,0.804708
val,0,0.130099,0.174389,0.000000,0.000000,0.048782,0.307926,0.720561,0.392031,0.195597
val,1,0.641099,0.709325,0.725749,0.761630,0.731046,0.754495,0.655221,0.797722,0.724919
val,1,0.755876,0.831511,0.723755,0.787706,0.954163,0.630915,0.813816,0.738232,0.821816
val,1,0.806040,0.753955,0.751049,0.816014,0.823379,0.778872,0.466118,0.826265,0.837393
val,0,0.256918,0.625640,0.429754,0.529134,0.482572,0.311267,0.342008,0.656526,0.476643
val,0,0.516518,0.652285,0.736728,0.382739,0.697905,0.418367,0.871865,0.176540,0.260019
val,0,0.027277,0.146374,0.142985,0.231862,0.339435,0.218196,0.460414,0.342882,0.447737
val,0,0.226258,0.311935,0.000000,0.011121,0.009320,0.081895,0.298422,0.245193,0.563705
val,0,0.071380,0.260056,0.489836,0.194764,0.458428,0.176225,0.361290,0.262737,0.119252
val,0,0.320530,0.136874,0.527321,0.297499,0.495548,0.314128,0.611501,0.637628,0.305053
val,0,0.280919,0.313093,0.291474,0.064051,0.353363,0.427155,0.641980,0.794003,0.531654
val,0,0.187022,0.164247,0.001375,0.112557,0.278006,0.344774,0.528478,0.432688,0.469133
val,0,0.344008,0.395929,0.334641,0.326258,0.502568,0.024173,0.455808,0.868292,0.409322
val,0,0.217326,0.306314,0.582394,0.457411,0.559838,0.471630,0.636418,0.806138,0.456754
val,0,0.215328,0.081790,0.242924,0.330430,0.421906,0.362397,0.648651,0.296965,0.554302
val,0,0.635344,0.503768,0.621499,0.481285,0.536987,0.640672,0.329023,0.538444,0.464945
val,0,0.353423,0.547336,0.089427,0.335706,0.486780,0.429623,0.212840,0.533389,0.199311
val,0,0.192057,0.515318,0.557119,0.278771,0.482013,0.558743,0.359304,0.565593,0.520190
val,0,0.454001,0.500037,0.293963,0.510323,0.690948,0.592778,0.502967,0.207724,0.425732
val,1,1.000000,0.934632,0.964339,0.989274,0.844931,0.980108,0.757865,0.822892,0.779839
val,0,0.000000,0.375364,0.114126,0.078663,0.039925,0.348112,0.431661,0.501043,0.499298
val,0,0.505457,0.868236,0.340195,0.392038,0.687402,0.510806,0.535351,0.292529,0.243994
val,0,0.314274,0.602765,0.586379,0.293509,0.468847,0.536789,0.472706,0.739474,0.435935
val,0,0.554955,0.385471,0.353556,0.499422,0.190639,0.462885,0.615491,0.479694,0.376383
val,1,0.941079,0.873546,0.863822,1.000000,0.854730,0.776876,0.914870,0.847232,0.903118
val,1,1.000000,1.000000,1.000000,1.000000,1.000000,1.000000,0.820712,0.663105,0.792548
val,0,0.000000,0.306128,0.264759,0.212442,0.525932,0.276859,0.408061,0.739041,0.503586
val,1,0.871499,0.789701,0.834485,0.925580,0.851664,0.826988,0.288611,0.805076,0.464487
val,1,0.746588,0.783284,0.707995,0.790444,0.696720,0.745655,0.764352,0.472772,0.667423
val,0,0.379117,0.171423,0.319730,0.547424,0.114474,0.187787,0.566047,0.444847,0.801536
val,1,0.651068,0.664382,0.660271,0.823740,0.771442,0.751221,0.916680,0.658390,0.654600
val,0,0.244329,0.280180,0.495755,0.280653,0.112292,0.319495,0.323466,0.410711,0.389434
val,1,0.574415,0.572504,0.651524,0.744208,0.660341,0.613112,0.435560,0.740831,0.566104
val,1,0.438027,0.402537,0.406806,0.436429,0.568798,0.476064,0.670523,0.616323,0.534125
val,1,0.961286,0.925495,0.883988,0.880183,0.869379,0.754012,0.704514,0.826395,0.754771
val,1,0.566466,0.509602,0.678966,0.616754,0.534778,0.606026,0.929126,0.917999,0.603088
val,1,0.448755,0.476587,0.347187,0.379878,0.362629,0.361031,0.861192,0.811208,0.811773
val,1,0.592714,0.729546,0.636481,0.685059,0.556103,0.652649,0.461225,0.630221,0.766136
val,0,0.046528,0.217209,0.509218,0.052517,0.239107,0.198757,0.767602,0.614763,0.566802
val,1,0.529012,0.479397,0.522196,0.469891,0.410187,0.478932,0.806495,0.816746,0.944111
val,0,0.494872,0.280245,0.263043,0.188324,0.179088,0.299678,0.564328,0.666756,0.559687
val,0,0.691025,0.563719,0.412026,0.259979,0.263425,0.460961,0.372211,0.450569,0.644930
val,0,0.415244,0.513947,0.278300,0.208179,0.299735,0.288700,0.051484,0.355466,0.322097
val,1,0.620486,0.612229,0.631256,0.632743,0.635861,0.617435,0.751459,0.799518,0.888813
val,0,0.336514,0.314384,0.313145,0.498708,0.081303,0.191876,0.672970,0.538392,0.797641
val,1,0.539926,0.486757,0.406351,0.480293,0.527710,0.567381,0.925542,0.480835,0.410321
val,0,0.000000,0.064970,0.183290,0.454262,0.177436,0.000000,0.536618,0.150452,0.626501
val,1,0.697316,0.669342,0.722635,0.805861,0.688721,0.699109,0.581982,0.653835,0.719419
val,1,0.491328,0.516382,0.482431,0.454411,0.427494,0.465307,0.917529,0.565728,0.873460
val,1,0.836023,0.921194,0.862207,0.887087,0.920321,0.872931,0.689727,0.534587,0.771611
val,0,0.574455,0.740695,0.559924,0.323044,0.424571,0.685893,0.410170,0.323844,0.635400
val,1,0.959274,0.853906,0.996960,0.877746,0.975839,0.964427,0.902846,0.913811,0.712760
val,1,0.385612,0.591618,0.353088,0.557478,0.436602,0.557041,0.252279,0.912022,0.956796
val,0,0.000000,0.000000,0.000000,0.000000,0.040539,0.000000,0.639802,0.186421,0.164124
val,0,0.620658,0.587357,0.227268,0.502866,0.352204,0.710403,0.626937,0.886873,0.053480
val,1,0.723530,0.683236,0.679771,0.698269,0.753538,0.765657,0.771119,0.649110,0.880579
val,1,0.793040,0.866148,0.824283,0.718705,0.764751,0.770708,0.871386,0.813392,0.267071
val,0,0.041809,0.335339,0.320745,0.411310,0.100783,0.253322,0.113479,0.522166,0.526941
test,0,0.231704,0.125166,0.114575,0.351163,0.286922,0.229148,0.700767,0.554483,0.628089
test,1,0.908408,1.000000,0.940067,0.954553,0.896526,1.000000,0.785193,0.666529,0.843785
test,0,0.362830,0.304184,0.300625,0.239880,0.051640,0.000000,0.874838,0.380235,0.242498
test,0,0.229282,0.356460,0.258135,0.385376,0.123932,0.308882,0.434237,0.510838,0.530773
test,0,0.494888,0.617796,0.440298,0.557537,0.319615,0.341952,0.699883,0.479706,0.619403
test,0,0.541803,0.419579,0.573221,0.474626,0.672436,0.483612,0.579759,0.226047,0.681474
test,0,0.274787,0.112075,0.153764,0.280509,0.050954,0.323766,0.256324,0.167210,0.343575
test,0,0.033200,0.000000,0.034369,0.007459,0.250070,0.089615,0.828350,0.457862,0.338235
test,1,0.736316,0.634370,0.621360,0.782607,0.649464,0.714800,0.520716,0.809448,0.607415
test,1,0.628347,0.676831,0.755593,0.708216,0.764876,0.753506,0.853914,0.901777,0.604454
test,0,0.347202,0.291607,0.430865,0.344097,0.374903,0.567273,0.682916,0.266506,0.452161
test,1,0.570302,0.561366,0.740503,0.651030,0.599891,0.671777,0.868112,0.818898,0.877459
test,0,0.120730,0.779876,0.249692,0.319978,0.559817,0.610962,0.554542,0.754051,0.669611
test,0,0.400413,0.091329,0.347585,0.496698,0.229298,0.419955,0.309102,0.406436,0.603279
test,1,0.894175,0.860476,0.999920,0.828274,0.825210,0.910680,0.740091,0.651164,0.531707
test,1,0.906482,0.904721,0.927116,0.838230,0.939256,0.790330,0.561608,0.836377,0.577084
test,0,0.271156,0.283078,0.168372,0.188181,0.376034,0.307306,0.228506,0.885808,0.544768
test,1,0.535104,0.578631,0.621146,0.573147,0.521634,0.589458,0.826280,0.926050,0.759347
test,0,0.295201,0.000000,0.178271,0.280521,0.235371,0.239745,0.670002,0.443141,0.786063
test,0,0.485068,0.220425,0.309371,0.239030,0.185754,0.362127,0.705330,0.367369,0.783634
test,0,0.000000,0.106015,0.000000,0.022098,0.065207,0.058301,0.687601,0.588816,0.537366
test,0,0.786705,0.566932,0.372178,0.460640,0.292101,0.285940,0.261861,0.286848,0.508645
test,1,0.739189,0.636332,0.783254,0.679176,0.776541,0.664729,0.493591,0.698783,0.298297
test,1,0.483479,0.513919,0.492381,0.461627,0.398762,0.465973,0.311890,0.802138,0.767528
test,0,0.075011,0.177334,0.000000,0.002985,0.000000,0.000000,0.539044,0.619016,0.513192
test,0,0.537198,0.610262,0.369791,0.234007,0.610068,0.192121,0.503111,0.103955,0.456055
test,1,0.727148,0.700060,0.663064,0.691313,0.690223,0.787506,0.755886,0.669285,0.618342
test,1,0.894594,0.892348,1.000000,0.990261,1.000000,0.867544,0.687561,0.837132,0.797378
test,1,0.597569,0.704985,0.811894,0.663879,0.728588,0.823976,0.794573,0.858422,0.891214
test,0,0.392592,0.691780,0.252438,0.224376,0.210739,0.192676,0.740949,0.045681,0.271320
test,1,1.000000,1.000000,1.000000,1.000000,1.000000,1.000000,0.602024,0.853350,0.610631
test,0,0.417179,0.315676,0.527442,0.246254,0.078289,0.250172,0.317917,0.716673,0.569965
test,0,0.184093,0.118993,0.000000,0.477001,0.220739,0.417355,0.745448,0.630646,0.642700
test,1,0.847406,0.767580,0.733481,0.883929,0.843685,0.800429,0.913558,0.539958,0.914566
test,1,0.461643,0.364196,0.487413,0.366109,0.575922,0.589252,0.720291,0.857313,0.429479
test,1,0.630303,0.607446,0.723950,0.638475,0.652578,0.653064,0.476219,0.639474,0.678353
test,0,0.060483,0.118697,0.293335,0.098785,0.000000,0.298374,0.538555,0.243253,0.524906
test,1,0.748302,0.845635,0.768098,0.763577,0.840818,0.748261,0.661232,0.951653,0.940825
test,1,0.575254,0.611306,0.529442,0.625251,0.586768,0.486232,0.582616,0.903824,0.727291
test,0,0.483531,0.343440,0.343701,0.607916,0.219681,0.070942,0.713557,0.221440,0.426778
test,1,0.547945,0.744635,0.650422,0.618327,0.727384,0.545928,0.775109,0.639005,0.866834
test,0,0.307044,0.064013,0.000000,0.193918,0.139887,0.090863,0.386097,0.303833,0.164082
test,0,0.066824,0.018450,0.082754,0.304574,0.000000,0.265209,0.375377,0.517594,0.582363
test,0,0.000000,0.000000,0.160176,0.000000,0.029305,0.046076,0.657420,0.544131,0.220147
test,0,0.642424,0.580892,0.838829,0.851485,0.807588,0.580483,0.664029,0.429361,0.441601
test,0,0.563555,0.604529,0.589178,0.589888,0.807996,0.531275,0.388668,0.603004,0.553579
test,0,0.947761,0.629261,0.485629,0.794477,0.640158,0.736958,0.370256,0.824619,0.351581
test,1,0.664155,0.727623,0.626892,0.700601,0.697625,0.628688,0.944345,0.912889,0.849772
test,0,0.575795,0.961755,0.670894,0.358561,0.908306,0.750255,0.711182,0.407698,0.494983
test,0,0.420987,0.497085,0.416544,0.579653,0.461222,0.425541,0.486635,0.550000,0.122798
test,1,0.723347,0.833768,0.754926,0.699172,0.683991,0.738685,0.765678,0.929883,0.931932
test,1,0.622709,0.540807,0.524987,0.543774,0.573133,0.573361,0.623471,0.365184,0.257442
test,0,0.139812,0.296692,0.052642,0.000000,0.390170,0.134914,0.491197,0.551544,0.746490
test,1,0.748477,0.743784,0.749052,0.779118,0.695579,0.727587,0.413249,0.336887,0.594559
test,0,0.665260,0.565460,0.217986,0.597274,0.685242,0.504438,0.622473,0.383680,0.454337
test,1,0.456379,0.529550,0.426276,0.630098,0.585003,0.631678,0.939068,0.850863,0.510332
test,0,0.000000,0.000000,0.141216,0.056797,0.000000,0.051916,0.700588,0.646807,0.253943
test,0,0.376252,0.682830,0.163055,0.001729,0.119108,0.211838,0.426547,0.552391,0.243157
test,1,0.755242,0.831672,0.850176,0.826186,0.829888,0.926208,0.639274,0.571534,0.616534
test,1,0.800693,0.734936,0.841096,0.569766,0.626316,0.678018,0.970222,0.612857,0.790810
test,1,0.616661,0.610045,0.648681,0.478690,0.631655,0.574700,0.535303,0.893875,0.246859
test,0,0.333481,0.089931,0.192414,0.211413,0.066582,0.000000,0.237963,0.683430,0.392946
test,0,0.381435,0.014987,0.019666,0.000000,0.610220,0.146978,0.410534,0.284279,0.754986
test,1,0.984179,1.000000,1.000000,0.914280,0.937828,0.974788,0.750510,0.761976,0.890465
test,1,0.842375,0.850138,0.816385,0.770742,0.907315,0.776160,0.716679,0.708622,0.870233
test,0,0.060660,0.252403,0.151460,0.093031,0.049722,0.166792,0.630242,0.612389,0.530440
test,1,0.954202,0.936994,1.000000,0.835611,0.890189,0.894872,0.727320,0.613373,0.908418
test,1,0.804783,0.924878,0.869636,0.785696,0.940252,0.743555,0.757252,0.818969,0.573304
test,0,0.134739,0.372539,0.000000,0.346779,0.115114,0.114872,0.586564,0.572508,0.748810
test,0,0.251363,0.308039,0.000000,0.330436,0.400837,0.308689,0.828142,0.246460,0.696291
test,1,0.534627,0.471374,0.476406,0.513193,0.542712,0.464820,0.850933,0.695373,0.985195
test,1,1.000000,1.000000,1.000000,1.000000,1.000000,1.000000,0.572290,0.567000,0.979060
test,1,0.557821,0.690909,0.658335,0.742384,0.660607,0.656155,0.875315,0.363337,0.886472
test,1,0.446628,0.347113,0.519624,0.509842,0.361143,0.531875,0.824513,0.807634,0.929325
test,0,0.452380,0.260850,0.309889,0.016699,0.182439,0.325910,0.817151,0.430191,0.396553
test,0,0.376338,0.563528,0.216815,0.000000,0.246701,0.326929,0.302994,0.745148,0.520485
test,0,0.422611,0.411805,0.405962,0.259640,0.848943,0.456405,0.387057,0.846264,0.384902
test,1,0.752017,0.929789,0.924958,0.981428,0.907941,0.873482,0.887336,0.933235,0.728136
test,1,0.540155,0.687398,0.726543,0.706378,0.700493,0.702099,0.723504,0.796697,0.484764
test,0,0.598065,0.664603,0.479968,0.530572,0.401640,0.497587,0.369211,0.508920,0.279380
test,1,0.901267,0.874633,0.984207,0.880993,0.936491,0.997566,0.944194,0.512587,0.552933
test,0,0.066669,0.024678,0.179504,0.118074,0.334646,0.003778,0.402954,0.263521,0.659231
test,0,0.398254,0.638815,0.939327,0.638515,0.858573,0.747486,0.815615,0.221200,0.490471
test,0,0.192398,0.244577,0.268328,0.464801,0.195882,0.387385,0.674121,0.534999,0.448860
test,0,0.395013,0.246659,0.698736,0.558314,0.667961,0.575435,0.604858,0.632497,0.725681
test,1,0.655895,0.592685,0.602217,0.460763,0.651565,0.553567,0.896642,0.797929,0.843625
test,0,0.148364,0.051048,0.000000,0.000000,0.000000,0.092677,0.438529,0.749893,0.409299
test,1,0.969641,0.839651,0.972107,0.941322,0.875312,0.923721,0.741104,0.818489,0.653319
test,0,0.386250,0.467353,0.583865,0.373743,0.451844,0.606350,0.351835,0.916383,0.201332
test,1,0.464317,0.289984,0.417356,0.436670,0.410058,0.567172,0.945021,0.802948,0.661325
test,1,0.552052,0.606028,0.540085,0.581334,0.662844,0.557569,0.417203,0.819168,0.949579
test,0,0.542993,0.351170,0.385003,0.590057,0.605977,0.513318,0.447421,0.567190,0.286615
test,1,0.773000,0.768229,0.708688,0.820323,0.768111,0.856959,0.599926,0.823961,0.987012
test,0,0.272830,0.000000,0.205365,0.235395,0.183876,0.211184,0.649063,0.808205,0.225160
test,0,0.356358,0.427644,0.446804,0.000000,0.272094,0.255461,0.746927,0.257530,0.339881
test,0,0.145848,0.198126,0.334274,0.425700,0.381020,0.208200,0.353475,0.304427,0.611703
test,1,0.719446,0.805109,0.631014,0.737370,0.694318,0.668749,0.999687,0.951696,0.495650
test,1,0.544174,0.669848,0.602575,0.706071,0.652361,0.784791,0.775966,0.652094,0.538967
test,1,0.499535,0.479698,0.590280,0.594387,0.535673,0.548572,0.959652,0.889169,0.906998
test,0,0.332351,0.306976,0.403933,0.512166,0.259323,0.000000,0.601514,0.646704,0.188399
test,0,0.225938,0.039632,0.000000,0.240038,0.000000,0.000000,0.036372,0.419704,0.614367
test,1,0.773643,0.875627,0.944162,0.901669,0.892332,0.839716,0.652851,0.652532,0.865084
test,1,0.597958,0.711606,0.605003,0.676994,0.576077,0.591480,0.612474,0.721727,0.848719
test,1,0.665037,0.627059,0.544525,0.585755,0.703628,0.618193,0.766319,0.725794,0.697479
test,0,0.274444,0.357001,0.586550,0.509436,0.510538,0.126910,0.184798,0.271604,0.290140
test,0,0.129396,0.229239,0.389141,0.570862,0.513886,0.435393,0.717903,0.228300,0.762977
test,0,0.444688,0.663567,0.378715,0.190742,0.485472,0.407060,0.260246,0.503200,0.367919
test,0,0.000000,0.247899,0.143969,0.526132,0.317705,0.130381,0.075174,0.411060,0.070756
test,0,0.000000,0.192849,0.201525,0.297212,0.366493,0.373037,0.411322,0.526348,0.642475
test,0,0.387009,0.541752,0.224802,0.296093,0.067319,0.359253,0.539070,0.453400,0.670179
test,1,0.747675,0.737699,0.859087,0.794396,0.881755,0.819925,0.898308,0.919344,0.955935
test,1,0.508205,0.703847,0.556148,0.605979,0.480643,0.667640,0.836752,0.385316,0.748446
test,1,0.571620,0.599342,0.687820,0.540676,0.609643,0.638658,0.700801,0.885241,0.822718
test,1,1.000000,0.927215,0.974904,0.876501,0.986391,0.892736,0.879723,0.891302,0.825668
test,1,0.685303,0.654427,0.655147,0.650111,0.615295,0.420181,0.882351,0.699266,0.641674
test,1,0.751153,0.750889,0.525731,0.718950,0.613890,0.596847,0.734223,0.721213,0.897155
test,0,0.398434,0.273326,0.323993,0.311534,0.192347,0.314116,0.460515,0.666793,0.828209
test,0,0.424718,0.373328,0.545638,0.549390,0.636673,0.312557,0.162971,0.091630,0.673345
test,1,0.746166,0.761028,0.719305,0.775541,0.768927,0.910577,0.810631,0.885351,0.912114
test,1,1.000000,1.000000,1.000000,1.000000,1.000000,1.000000,0.610937,0.622304,0.869537
test,0,0.746582,0.303029,0.548617,0.552478,0.417472,0.612600,0.481706,0.441417,0.513160
test,0,0.303341,0.339032,0.346584,0.408425,0.219854,0.371134,0.751585,0.849666,0.349590
test,0,0.541408,0.471034,0.572018,0.407058,0.481118,0.273544,0.171982,0.514034,0.382184
test,1,0.867685,0.910493,0.803552,0.792018,0.910045,0.849679,0.642296,0.642684,0.973425
test,1,0.557112,0.474404,0.505392,0.560096,0.518953,0.470178,0.537843,0.667834,0.852282
test,1,0.638544,0.681214,0.623184,0.768822,0.792187,0.674404,0.500176,0.858327,0.720287
test,1,0.393909,0.477666,0.379607,0.357185,0.459431,0.396438,0.895807,0.585954,0.840678
test,1,0.845985,0.757598,0.833519,0.855560,0.886959,0.847302,0.829667,0.930154,0.868340
test,1,0.802325,0.737431,0.915565,0.762570,0.850946,0.856601,0.791988,0.821186,0.974367
test,1,0.749480,0.660765,0.585902,0.617646,0.767866,0.757182,0.766891,0.816067,0.500555
test,0,0.438293,0.577643,0.548422,0.581377,0.370290,0.511932,0.349721,0.518234,0.617472
test,0,0.579423,0.461785,0.406263,0.611948,0.818855,0.576306,0.513118,0.288907,0.739401
test,1,0.931597,0.958815,0.881893,0.861224,0.823302,0.764238,0.570152,0.828272,0.783914
test,1,0.728961,0.640905,0.720311,0.606569,0.767624,0.732921,0.734094,0.893317,0.440548
test,0,0.346344,0.342958,0.446947,0.469295,0.337815,0.183948,0.345527,0.378487,0.469666
test,1,0.475415,0.414335,0.448541,0.474451,0.419768,0.444822,0.857342,0.644334,0.827393
test,0,0.498982,0.196984,0.639691,0.396757,0.000000,0.627047,0.565894,0.412988,0.361406
test,1,0.776209,0.893400,0.805181,0.802913,0.755106,0.726761,0.961534,0.506278,0.963189
test,0,0.604699,0.995419,0.511652,0.726924,0.488360,0.695695,0.165699,0.511988,0.622977
test,1,0.926271,0.955828,0.893796,0.997012,0.987017,1.000000,0.469949,0.953598,0.594416
test,1,0.975876,0.889915,0.952954,1.000000,0.821641,0.932065,0.789823,0.719853,0.644300
test,0,0.033621,0.000000,0.061741,0.316074,0.126278,0.041296,0.341620,0.268595,0.277102
test,1,0.529129,0.419371,0.533975,0.350747,0.335849,0.424858,0.766177,0.845642,0.430474
test,1,0.493196,0.523928,0.401092,0.486957,0.405735,0.633131,0.747719,0.659554,0.682519
test,1,0.490592,0.467309,0.575728,0.576423,0.548636,0.438960,0.778661,0.667771,0.605632
test,0,0.542803,0.136788,0.654183,0.029262,0.592700,0.325736,0.573556,0.207409,0.036754
test,1,0.872808,0.769335,0.831002,0.770351,0.805239,0.825709,0.768868,0.695288,0.872207
test,0,0.156180,0.423560,0.184565,0.237951,0.124864,0.318273,0.675698,0.460354,0.413680
test,1,0.513772,0.711274,0.683495,0.661743,0.611300,0.710492,0.751749,0.780203,0.712775
test,0,0.131418,0.271738,0.125871,0.000000,0.168794,0.036332,0.862344,0.412967,0.829025
test,1,0.805999,0.868676,0.778667,0.751372,0.695290,0.750654,0.780547,0.676994,0.639921
test,1,0.588322,0.489164,0.515468,0.663049,0.514816,0.506776,0.631523,0.833431,0.792313
test,1,0.659651,0.788409,0.841815,0.707517,0.713709,0.733946,0.355614,0.502195,0.495371
test,0,0.264246,0.147413,0.396966,0.452404,0.328846,0.205957,0.753159,0.297296,0.324133
test,1,0.618534,0.724799,0.671308,0.618591,0.688400,0.786502,0.811991,0.886158,0.940746
test,0,0.472217,0.465614,0.436447,0.493157,0.000000,0.581232,0.703150,0.728287,0.552365
test,1,0.587031,0.541818,0.482271,0.600259,0.415932,0.553706,0.993643,0.645661,0.839162
test,0,0.165413,0.168450,0.064554,0.294503,0.331312,0.103589,0.414917,0.831769,0.461826
test,0,0.121784,0.204618,0.326256,0.000000,0.163813,0.279073,0.256255,0.611730,0.667695
test,0,0.509715,0.427483,0.715982,0.564258,0.379616,0.386753,0.744360,0.437158,0.842252
