heart_rate_bpm,snr_db,prv_std_ms,spectral_entropy,mad,signal_quality_index,cheek_forehead_correlation,left_right_cheek_correlation,hr_half_diff,peak_prominence,systolic_peak_width,diastolic_notch_ratio,forehead_cheek_phase_lag,signal_to_motion_ratio,peak_amplitude_variability,pulse_transit_time_proxy,hr_window_std,sqi_window_std,entropy_window_std,max_hr_deviation_bpm,spectral_flatness,spectral_centroid,kurtosis,phase_coherence_lr,phase_coherence_cf,pulse_cv_interval,hr_window_jitter,snr_window_jitter,zero_crossing_rate,label,video_path,source
105.0,0.055275199206803655,151.90547833578123,0.8853582124936656,0.8046084490124311,0.6579018706706733,0.39386852214046375,0.359711916599269,15.0,3.475660521311745,245.34377977072023,-0.37407077131966054,16.666666666666668,20.946169492419273,0.6641311690936677,0.0,13.98058252427184,0.012980309386920406,0.021429166666822284,34.9514563106796,0.5823482648249911,1.8174840639114427,-0.19085596232892055,1.3153281120490077,1.2952327750962815,0.33980165913147176,13.98058252427184,2.881187597912176,0.12015503875968993,0,C:\Users\JHASHANK\Desktop\Maj_Proj\FF++\train\FF-real\id10_0004.mp4,FF++/train/FF-real
82.5,-0.4119720555539314,160.72751268321593,0.7885221470624273,0.6420679948282678,0.6760682777237386,0.35879645571566177,0.553092865333841,17.5609756097561,4.692873498532444,268.4608170100991,47.86837802894781,16.666666666666668,14.542541729891719,1.8205806852871773,33.333333333333336,17.560975609756095,0.030585287466325,0.10191018399085867,43.90243902439024,0.4178842612125387,1.542307454355676,2.818599351979305,1.3361865630710137,1.5192699394435523,0.3678971161555371,17.560975609756095,6.900794718194884,0.1198044009779951,0,C:\Users\JHASHANK\Desktop\Maj_Proj\FF++\train\FF-real\id16_0004.mp4,FF++/train/FF-real
82.5,1.1486255027037635,131.84199985274066,0.8367127555151816,0.7914081934363528,0.6940431116470476,0.03129600940908908,-0.14457150743471284,15.0,4.174972268466305,222.10530642550265,1.9724364620011388,2116.6666666666665,13.80898515000245,0.8260433339772282,2666.6666666666665,47.41046201796305,0.026616273471903523,0.06996800661974764,104.85436893203884,0.5074364943210178,1.6348483572518178,0.5615080425816896,1.9100469611617061,1.7173415421092,0.3529939789989321,47.41046201796305,3.0663273558326236,0.12355212355212356,0,C:\Users\JHASHANK\Desktop\Maj_Proj\FF++\train\FF-real\id1_0008.mp4,FF++/train/FF-real
60.0,6.48238844280228,161.86498802527524,0.7884441332094693,0.7445479000518012,0.7547747295607218,0.056204451133225565,0.11236661699913576,7.5,5.977568154467098,176.87388062440542,1.4788873847829311,1766.6666666666667,20.41376907999783,1.0982885553624406,2500.0,8.561323372834414,0.050515440331283926,0.08502965368896782,17.475728155339816,0.445516249372604,1.4422423143228205,1.1272046233165343,1.697597549227573,1.9295886688925927,0.3839337916323852,8.561323372834414,4.447395490354086,0.11067961165048544,0,C:\Users\JHASHANK\Desktop\Maj_Proj\FF++\train\FF-real\id2_0008.mp4,FF++/train/FF-real
67.5,4.291369814004728,115.91542285497664,0.8895887177941837,0.804807215716796,0.6191071485238262,-0.19096861790932754,0.2194670824711962,67.74193548387096,3.0996245428641847,192.7058536771829,2.991671374871953,1533.3333333333333,18.960724203360748,0.8710942557346076,466.6666666666667,47.166614828915634,0.03465825148035529,0.08930551489017163,97.29729729729729,0.6561583967808429,1.8378454509130655,-0.17287104051821434,1.5684699776836495,1.9526965586536869,0.30486146717445495,47.166614828915634,3.955862119595927,0.11320754716981132,0,C:\Users\JHASHANK\Desktop\Maj_Proj\FF++\train\FF-real\id6_0005.mp4,FF++/train/FF-real
75.0,8.319932480500905,217.2492389719928,0.6897900383311172,0.7476164204901948,0.8145336901954066,0.1268602814996619,0.24473289345631355,25.714285714285722,7.509149208763464,271.57376830926836,3.0635044816021257,1666.6666666666665,18.554300120256894,1.0537243358890818,1400.0,49.37879409344105,0.028555416323993377,0.04757417813299827,102.85714285714286,0.25215812173422364,1.5384210713640378,0.6732555507886868,1.4958938385130918,1.593378993193961,0.443003526806886,49.37879409344105,6.516341475345322,0.10752688172043011,0,C:\Users\JHASHANK\Desktop\Maj_Proj\FF++\train\FF-real\id7_0000.mp4,FF++/train/FF-real
60.0,6.383608342998936,164.58317054740087,0.8103629597761329,0.7244903737519561,0.6735192962891992,0.5102650076150078,0.29599083634024087,15.0,4.597256177253587,239.82506475771385,7.764435744660014,33.333333333333336,16.392626271894947,0.7860320679072328,0.0,12.135105038185754,0.04969974132093229,0.0547785442092485,16.216216216216218,0.390454047216281,1.4706544180207983,2.843502350545548,1.499992344038788,1.3349434511884095,0.36676931154494974,12.135105038185754,1.8034314135878124,0.10469314079422383,0,C:\Users\JHASHANK\Desktop\Maj_Proj\FF++\train\FF-real\id7_0003.mp4,FF++/train/FF-real
111.80124223602486,-1.4403017693300735,117.94929858645637,0.8510818386149265,0.7923570114895647,0.5840669307465228,-0.13861187320522447,-0.3370583234101111,22.5,3.02640950687482,168.89616212532937,1.9331275764795253,383.3333333333333,15.118669934618293,0.846255558607117,566.6666666666666,11.25,0.04755288076993536,0.021899457930822763,11.25,0.504187299433359,1.74853834729307,0.3021090296433018,1.846526012046597,1.8454229101451631,0.28885542510968903,11.25,3.9566317812812954,0.13125,0,C:\Users\JHASHANK\Desktop\Maj_Proj\FF++\train\FF-real\id7_0005.mp4,FF++/train/FF-real
60.0,3.8197370632629672,178.2497101923969,0.849353770406433,0.6351405691278489,0.702897966884157,0.9302968150723352,0.9224191320300342,9.326424870466319,4.249423279694228,262.0663213219775,6.748127489913631,0.0,16.915043739359636,1.7603343438285004,0.0,45.328954510905945,0.0650390028307867,0.1024253776917619,116.8831168831169,0.5940898116034875,1.6307813593748912,2.6619508699466428,1.2814235434554595,1.1103353912810177,0.4312270748961117,45.328954510905945,5.492256718603638,0.08549222797927461,0,C:\Users\JHASHANK\Desktop\Maj_Proj\FF++\train\FF-real\id8_0007.mp4,FF++/train/FF-real
52.5,0.5935028720206887,141.43249063744622,0.9221309527738673,0.7777592518471906,0.6340966499584711,0.3832605827988208,0.3547409802316377,0.0,3.228137371654417,189.88810769536002,1.9117175273885278,0.0,18.37227482222334,0.7668539523974999,0.0,38.15698728503549,0.0357744659289832,0.04806042557993957,78.94736842105262,0.7229825363029913,1.8758207004775256,2.207183999106941,1.4349085625497429,1.461814882160779,0.31993705242941156,38.15698728503549,1.8535945802224345,0.13005272407732865,0,C:\Users\JHASHANK\Desktop\Maj_Proj\FF++\train\FF-real\id8_0008.mp4,FF++/train/FF-real
52.5,8.311978700629123,137.2325477651184,0.7044950691782866,0.7845554059731344,0.7936519369662984,0.09756752697634109,-0.15482650381619598,7.758620689655174,6.221539651275929,236.75782895118758,-4.7794295517159195,5216.666666666667,12.66917711200378,1.1968105576221022,9400.0,7.826086956521738,0.09222782166034404,0.18853676274525677,19.565217391304344,0.27017556686303307,1.2156753270408374,0.4469087638570213,1.8687552398149776,1.7761212855116595,0.3283637912525854,7.826086956521738,6.435081244809331,0.09287257019438445,1,C:\Users\JHASHANK\Desktop\Maj_Proj\FF++\train\FF-synthesis\id0_id2_0008.mp4,FF++/train/FF-synthesis
60.0,3.5653919017683258,173.4823243968209,0.8756629161102869,0.7876871442259309,0.6590985038069174,0.08631303477641541,-0.03478586290454568,67.5,3.195075292029628,209.50801674093404,3.2583383697550286,3600.0,14.050735052859222,0.7966368067616573,1200.0,19.991835068041027,0.028031534319093287,0.10742823052785445,34.28571428571428,0.5749806382150556,1.5878500394099369,0.6643013123429253,1.9381856979041219,1.732518495003219,0.3729218091640825,19.991835068041027,4.719051396081853,0.10606060606060606,1,C:\Users\JHASHANK\Desktop\Maj_Proj\FF++\train\FF-synthesis\id0_id4_0003.mp4,FF++/train/FF-synthesis
52.5,3.126425475460359,141.88134303242927,0.859144174339659,0.8237125387657348,0.6782058163085394,-0.06607589702225565,0.22320065016858867,15.0,3.8680942029558274,191.73868769386314,1.991447285821617,2800.0,13.950134980084407,1.019152759163734,5200.0,32.10098709979282,0.06796198412594803,0.11513096565098851,69.23076923076923,0.5653884378912154,1.5712348665401452,-0.4904506836615443,1.6281111805153152,1.7490183860758728,0.35306311777040034,32.10098709979282,3.920969291690437,0.1001926782273603,1,C:\Users\JHASHANK\Desktop\Maj_Proj\FF++\train\FF-synthesis\id0_id9_0009.mp4,FF++/train/FF-synthesis
52.5,3.713768576083738,134.20000697942692,0.8672166954216727,0.7513042012262925,0.6788234161240317,0.0033930906291341524,0.030644177954894512,0.0,3.8632888993960166,185.5991067266719,2.5077163097010597,2983.3333333333335,20.55056255349939,1.009930318784428,5633.333333333334,42.7617987059879,0.033480119454584414,0.08172668964904993,57.14285714285714,0.524263180626655,1.5900114361910211,0.6259461110829543,1.7066880656841974,1.9973677546036959,0.321034838329854,42.7617987059879,1.2271397797932673,0.11392405063291139,1,C:\Users\JHASHANK\Desktop\Maj_Proj\FF++\train\FF-synthesis\id16_id17_0000.mp4,FF++/train/FF-synthesis
67.5,4.7600086141092675,180.8737650107528,0.8202259982336927,0.821167872246568,0.7162366142573102,0.052293730478912094,0.3341487937386262,0.0,5.5751638485735775,348.71240504165655,1.28541242349309,3233.333333333333,19.60455256494264,0.555882076801418,5233.333333333333,43.39481376376324,0.06714582343114306,0.13188641732383657,92.6470588235294,0.3950007497035404,1.727455798374732,-0.4848656869053687,1.5479963784064368,1.7700815787580848,0.3858457534191968,43.39481376376324,6.059830417573897,0.09225092250922509,1,C:\Users\JHASHANK\Desktop\Maj_Proj\FF++\train\FF-synthesis\id16_id17_0011.mp4,FF++/train/FF-synthesis
82.5,0.7018725627708883,101.93011162020856,0.8592697399030648,0.6412956580225213,0.6329859271831632,0.11026775288097723,0.17594106975402904,8.780487804878064,3.4918237720098944,225.2391247911324,0.08725908877647841,3066.666666666667,14.10291826796547,1.5752086327396364,1666.6666666666667,32.261572222022345,0.02556477670961869,0.07906537858262912,65.85365853658537,0.5702397700121796,1.7624574640039745,3.0046277389591074,1.6341472608119145,1.8201017251323806,0.26710407562896354,32.261572222022345,4.275230289284015,0.11491442542787286,1,C:\Users\JHASHANK\Desktop\Maj_Proj\FF++\train\FF-synthesis\id16_id2_0004.mp4,FF++/train/FF-synthesis
75.0,0.16617183494056453,106.54650601060098,0.8086061576550269,0.7842895736987938,0.6736845939758767,-0.1519751409886556,0.5587640791016404,58.44155844155841,5.666488351036458,192.21052890960758,1.1702421086749906,483.33333333333337,17.165949428706625,0.963273249005851,533.3333333333334,35.40983606557377,0.03699082658404624,0.07666036961259648,88.52459016393442,0.4249069600293819,1.6320957483412075,0.09022604466174133,1.3683249430764373,1.7742890640490503,0.30237231199521597,35.40983606557377,2.556014570359205,0.1270358306188925,1,C:\Users\JHASHANK\Desktop\Maj_Proj\FF++\train\FF-synthesis\id16_id3_0012.mp4,FF++/train/FF-synthesis
60.0,5.97561046701951,188.17391697169577,0.7646473660102215,0.7747091790927052,0.7476262608555687,0.15777584281098705,0.2090571115538907,24.161073825503365,7.076872930487988,192.18993112657685,2.4017772675613096,5133.333333333333,21.16025876671687,1.016442844434447,5533.333333333333,17.199894677510613,0.03257926324438905,0.05369676799482573,24.324324324324323,0.2992079021746783,1.466692899922544,0.4271477636817145,1.6523937396948223,1.8102602014836338,0.41742805525411386,17.199894677510613,1.7868628454670712,0.11447811447811448,1,C:\Users\JHASHANK\Desktop\Maj_Proj\FF++\train\FF-synthesis\id17_id0_0009.mp4,FF++/train/FF-synthesis
75.0,3.450524864903099,141.03207541653882,0.8517780515082956,0.7571006123461134,0.6981925088250345,0.06447102437254283,0.03309768041091152,0.0,4.527072174912785,168.28600848966175,20.76571850027671,6583.333333333334,18.648952304055243,1.0266010888174575,8766.666666666668,20.723025526747982,0.052041715962361394,0.07454555879623431,27.692307692307693,0.49782799690283863,1.7614468385189057,0.6322717097540971,1.7633948783143902,1.7405022911074293,0.36359544289021967,20.723025526747982,2.4161054265154616,0.1162079510703364,1,C:\Users\JHASHANK\Desktop\Maj_Proj\FF++\train\FF-synthesis\id1_id17_0007.mp4,FF++/train/FF-synthesis
67.5,5.9532729622520275,154.14855749496255,0.8130411966946691,0.7974401296976633,0.7106253583443536,0.21147600577337405,0.31529697127994094,29.67032967032968,4.924427660400201,238.6041761517087,3.1663575959820407,1816.6666666666667,20.602189740918327,0.9328354220779697,3600.0,36.23902633158675,0.03377228609733473,0.12872692697140964,73.97260273972603,0.48623352798488356,1.5219318275767808,-0.0799308882742591,1.6401938078409313,1.6976602179217248,0.3331741156231179,36.23902633158675,7.519498848201726,0.12637362637362637,1,C:\Users\JHASHANK\Desktop\Maj_Proj\FF++\train\FF-synthesis\id1_id6_0000.mp4,FF++/train/FF-synthesis
67.5,2.519479910574484,113.43253948973003,0.9168027478718116,0.7800362799365697,0.617989444284753,-0.14565994649781858,-0.07236797445237468,70.0,2.6028695924916776,188.60097879751123,-5.833938126142958,2600.0000000000005,19.055328092542027,0.8099114992050329,266.6666666666667,46.36809247747852,0.052231742007927184,0.11924122409748888,100.0,0.7392363626602404,1.9522234799252534,0.8264672478911925,1.7482107661136872,1.9161562234866145,0.30380376121532954,46.36809247747852,5.615712155816206,0.125,1,C:\Users\JHASHANK\Desktop\Maj_Proj\FF++\train\FF-synthesis\id2_id1_0002.mp4,FF++/train/FF-synthesis
67.5,3.155544909417599,102.92628848684872,0.8825037392998517,0.7846833302693985,0.65386622700804,0.01355014806850746,0.10916674760564356,48.38709677419355,3.668341449871093,223.55856897097888,2.6045460433890892,5050.0,19.161620426680628,0.8638953322866302,3633.3333333333335,32.269862825079564,0.028015636080365454,0.07910729527240845,48.648648648648646,0.6163952102741731,1.829995692491336,0.3632133092448875,1.484716271672123,1.8902460478384082,0.23687145843548743,32.269862825079564,3.397617696230453,0.1347708894878706,1,C:\Users\JHASHANK\Desktop\Maj_Proj\FF++\train\FF-synthesis\id3_id16_0003.mp4,FF++/train/FF-synthesis
67.5,6.401488936805446,120.58883309273153,0.7854207069447063,0.7220773262352654,0.7168922713495967,0.31127831467595346,0.13028018660197813,7.5,4.770286378809162,177.43594782039446,3.7318538843790194,50.0,16.66603477674869,1.2247777425956323,66.66666666666667,8.907235428302469,0.03632709991373243,0.0986751936084063,18.181818181818187,0.455842785718423,1.431944493778277,1.847665210635693,1.7726294565838938,1.4995961014966868,0.3186912311513858,8.907235428302469,2.3541031902114593,0.11244979919678715,1,C:\Users\JHASHANK\Desktop\Maj_Proj\FF++\train\FF-synthesis\id3_id1_0004.mp4,FF++/train/FF-synthesis
45.0,4.210556194450991,163.70334301958553,0.7600456762050141,0.7550934890320579,0.6170211941493259,0.17063058311402896,0.007543151791572464,15.720524017467241,5.449367820046924,263.0723855120748,1.6916522406696761,933.3333333333334,13.472143702385331,0.8396308812956638,1800.0,7.9120879120879115,0.09159752355160333,0.15114088269548873,19.78021978021978,0.29739308479614596,1.3463257140876403,1.5712918074647177,1.8375321751109608,1.8781347268242956,0.33932886838372406,7.9120879120879115,6.0892442178632535,0.09388646288209607,1,C:\Users\JHASHANK\Desktop\Maj_Proj\FF++\train\FF-synthesis\id4_id0_0001.mp4,FF++/train/FF-synthesis
75.0,1.2782779612959294,160.29971927611103,0.8440042305456769,0.7242173167041706,0.6672779027538682,0.19478255488719395,0.19161073053146085,85.26315789473685,3.5835945659685216,200.83923476601888,1.20834983119565,2933.333333333333,16.50205180822286,0.9030589249765437,2766.6666666666665,34.80853845007674,0.044600919755584265,0.10108522656781412,71.05263157894737,0.46555117521686207,1.556744359648456,1.9830396976708533,1.6404810357236972,1.6451193978078167,0.3891340077566468,34.80853845007674,3.7619724074986998,0.10526315789473684,1,C:\Users\JHASHANK\Desktop\Maj_Proj\FF++\train\FF-synthesis\id6_id16_0008.mp4,FF++/train/FF-synthesis
75.0,3.964797324449043,242.1327278323134,0.7781904003457089,0.6783094743114256,0.7719294276474109,0.4100758271413324,0.19094602133170302,24.48979591836735,6.656129760272896,177.8824536420557,1.7779716817746993,100.0,22.02283226907502,1.033602391011929,33.333333333333336,71.88844801864069,0.04588614223265225,0.08927445491462038,160.27397260273972,0.46780885916766957,1.7315679708425893,5.480400948593019,1.6425658208978997,1.4651293127400646,0.48070468025532803,71.88844801864069,5.129869181249096,0.1054421768707483,1,C:\Users\JHASHANK\Desktop\Maj_Proj\FF++\train\FF-synthesis\id7_id11_0001.mp4,FF++/train/FF-synthesis
52.5,3.799038743424769,163.87979227484325,0.8665622000265193,0.789227509492499,0.6582160527981827,0.42865225553414776,0.4352803148943596,37.5,3.4974103467716358,157.7624197466946,0.34123741524407486,0.0,17.280884145374127,0.8739665064181279,0.0,21.417884157237687,0.026202048368855615,0.05200109245124125,47.36842105263158,0.6008378008536752,1.5857184732312246,0.1729403435134409,1.3675203493761436,1.4069817371992843,0.3985119631300054,21.417884157237687,1.881152866602258,0.10369068541300527,1,C:\Users\JHASHANK\Desktop\Maj_Proj\FF++\train\FF-synthesis\id8_id0_0008.mp4,FF++/train/FF-synthesis
60.0,1.3045944816129658,152.20849777926063,0.926489842113488,0.7449575235827873,0.6585746336851822,0.4332013449338813,0.5167034578908773,0.0,3.7714003824254525,211.2421656760513,1.7535712760071642,16.666666666666668,19.520681607115687,0.8865658708622898,33.333333333333336,16.10216688502985,0.04821816147637787,0.11257425609048252,31.578947368421062,0.7966225465611209,1.902479717489622,4.135251241856543,1.3803489941283447,1.6304003695342546,0.3503707051274603,16.10216688502985,3.4733430034075803,0.11775043936731107,1,C:\Users\JHASHANK\Desktop\Maj_Proj\FF++\train\FF-synthesis\id8_id3_0008.mp4,FF++/train/FF-synthesis
60.0,3.007380833367689,94.82895985022974,0.8787368184597443,0.7359743984850243,0.6437856092738792,-0.020828558586675813,0.10601309948688639,0.0,5.7086430955759155,166.35026250943264,1.0578041336512358,2500.0,25.386868313281813,1.1408384532466564,3200.0,24.494897427831784,0.03804015873713181,0.03433453389307233,50.000000000000014,0.6577426540585652,1.887749893895967,1.689478376525627,1.7303947183623083,1.8811360029486779,0.290400540143321,24.494897427831784,4.688492510630631,0.11294765840220386,1,C:\Users\JHASHANK\Desktop\Maj_Proj\FF++\train\FF-synthesis\id9_id16_0002.mp4,FF++/train/FF-synthesis
60.0,6.212856391710602,168.09997630849722,0.7109309343025865,0.806811752861935,0.7984790150221259,0.13315608093932935,0.42759114195125336,0.0,8.135896042157407,200.04419944249557,1.168673851191838,4300.0,19.19240051255262,1.442771832111405,5366.666666666666,23.736263736263737,0.06959693964048383,0.12759314143724743,59.34065934065934,0.3444983730759526,1.3774195256204766,-0.13471203337109205,1.3446002765394434,1.5064161492818244,0.3866268703285126,23.736263736263737,3.2238115920038406,0.08791208791208792,1,C:\Users\JHASHANK\Desktop\Maj_Proj\FF++\train\FF-synthesis\id9_id2_0007.mp4,FF++/train/FF-synthesis
52.5,3.481810680217063,188.90196033203028,0.8699099017431106,0.7513688403433484,0.6799931832917517,0.20763836936448649,-0.08958797873434479,17.39130434782608,4.6045121852265245,164.01497079584715,1.0275478535214089,2200.0,17.979029006625545,1.1772516276399294,1066.6666666666667,13.715903104344777,0.02766200901723272,0.08844704146729389,21.686746987951807,0.6128761591034202,1.6187352507420394,1.3208427581561315,1.7812703015716027,1.8759803767339271,0.44583596081968924,13.715903104344777,5.51932589610017,0.1111111111111111,0,C:\Users\JHASHANK\Desktop\Maj_Proj\FF++\train\YouTube-real\00001.mp4,FF++/train/FF-real
82.5,0.31277205539084707,166.7737641823468,0.803364860221643,0.7185783901566232,0.687555360173993,0.1769429005448653,-0.03164402077832666,30.0,4.907379195322378,291.66582715159564,5.525308670714229,899.9999999999999,17.68531640399775,0.8292795537605929,1766.6666666666665,19.522784227906914,0.03987981541511777,0.06390579151747033,35.64356435643565,0.4072919434715684,1.4648885639883422,2.098988668620259,1.8517546751661276,1.875209634955669,0.3653159862631339,19.522784227906914,4.021411895311749,0.11904761904761904,0,C:\Users\JHASHANK\Desktop\Maj_Proj\FF++\train\YouTube-real\00034.mp4,FF++/train/FF-real
75.0,3.6599860680569845,138.3085380613947,0.7827820772029586,0.7048917416783209,0.7052114588308013,-0.17961619275363627,-0.03476489825090148,15.859030837004404,6.082802750679637,184.6532210859427,1.67327994811546,5200.000000000001,16.821709905112755,1.2515407296244052,8766.666666666668,36.68684239976322,0.024987077528334324,0.06077727921150105,79.12087912087912,0.356395808583453,1.4689922863959506,2.66392887136134,1.6336482160793147,1.9778722303877638,0.3475957614512897,36.68684239976322,3.1808471727199845,0.1277533039647577,0,C:\Users\JHASHANK\Desktop\Maj_Proj\FF++\train\YouTube-real\00037.mp4,FF++/train/FF-real
45.0,3.512696456889741,144.78417246792628,0.817347534866324,0.6766744829340223,0.6882885710647303,-0.33260230724619433,0.15182470560295483,0.0,5.24349721284836,209.9816454519233,0.06845965700470832,3033.333333333333,15.304094515390789,1.0735092538449265,833.3333333333334,24.48214962711003,0.03526112955768799,0.10174846870584466,58.064516129032256,0.505283595104996,1.4816382759967164,3.8468853920011004,1.6292182602429286,2.2024017141705463,0.340028625520386,24.48214962711003,4.035625690449128,0.0944206008583691,0,C:\Users\JHASHANK\Desktop\Maj_Proj\FF++\train\YouTube-real\00038.mp4,FF++/train/FF-real
112.5,-3.787033483317925,139.56389790064702,0.9018044928254536,0.7500360588974094,0.6064011199656475,0.27748218223881116,0.04444552360678611,15.584415584415588,2.5926636525486946,189.09025461888214,3.645123068647453,1216.6666666666665,22.61337287197633,1.0374585190358543,0.0,15.65217391304348,0.03720699640008439,0.07734581295254919,39.1304347826087,0.6081825892549133,1.8912009840573731,1.8907283550437386,1.5830295830421,1.526938630684196,0.3614511219795104,15.65217391304348,2.2785014934850842,0.11062906724511931,0,C:\Users\JHASHANK\Desktop\Maj_Proj\FF++\train\YouTube-real\00082.mp4,FF++/train/FF-real
120.0,-3.496307165492615,156.62108711969648,0.8889580430550243,0.7358299062726481,0.621931963839352,0.33559640034331106,0.1198762848801726,7.5,2.7621950430306366,236.94565761195415,2.992692423380807,2200.0,25.87362907620831,0.8294971624718771,0.0,26.994376757202367,0.03231337138125736,0.044676555712831564,55.10204081632653,0.5961529104784881,1.7590926687526203,1.7881638312277532,1.8425113374730595,1.3994583157088396,0.3515259381145359,26.994376757202367,2.1763554408424213,0.12170385395537525,0,C:\Users\JHASHANK\Desktop\Maj_Proj\FF++\train\YouTube-real\00099.mp4,FF++/train/FF-real
90.0,-0.5342213540077245,157.9861731645779,0.8837141825351946,0.7276803076682319,0.6318037124139775,0.06844965454147334,0.29934214339471527,7.594936708860757,3.1469472597344446,191.48759859889566,2.48300967783597,983.3333333333334,17.88563624783047,1.148255680328491,100.0,15.319148936170212,0.05799347804443717,0.16461029721078094,38.297872340425535,0.6238454686620205,1.9054956669905336,2.955353198977617,1.6563571733543765,1.561042236157339,0.40352247151256493,15.319148936170212,8.706205311271143,0.12684989429175475,0,C:\Users\JHASHANK\Desktop\Maj_Proj\FF++\train\YouTube-real\00103.mp4,FF++/train/FF-real
60.0,3.4937649510354407,151.2040155584092,0.8717732937547039,0.8056885127698493,0.6911105631037129,0.06497578649325216,-0.3046974705987431,15.0,3.7137702550356564,161.04532408935106,2.492456600678767,3483.3333333333335,15.953542803582721,1.0110969371473597,5100.0,48.9535463898379,0.03149467960118434,0.08523533665401259,103.84615384615387,0.6083654469659928,1.5932857244111,-0.11292953335591349,1.9403799103037052,1.7374614981466108,0.3777264977849798,48.9535463898379,2.682488015165368,0.11346153846153846,0,C:\Users\JHASHANK\Desktop\Maj_Proj\FF++\train\YouTube-real\00177.mp4,FF++/train/FF-real
52.5,3.281162286845963,189.45765856669604,0.8628199304897677,0.8006504748075584,0.6672104095591009,-0.24154884220607475,0.1210174990026731,7.5,4.512331568383905,180.6393753007266,1.365407916312359,416.66666666666663,13.611793629974667,0.9002009026358503,266.6666666666667,21.86606960566988,0.06332099597731337,0.09353739009018495,37.5,0.5984129510763988,1.617298415325645,0.06476929583775881,1.618031969906258,1.8785047771268668,0.4649852677326179,21.86606960566988,2.320838753604033,0.11064718162839249,0,C:\Users\JHASHANK\Desktop\Maj_Proj\FF++\train\YouTube-real\00223.mp4,FF++/train/FF-real
60.0,1.706112436883585,113.91208767650983,0.8945105696688895,0.787073339342156,0.6192251930276842,-0.14203853481787618,-0.31579502509520807,15.319148936170222,3.071693489351345,182.14213236502275,11.48126595397426,3483.3333333333335,25.183358733873394,0.806178972278866,500.0,28.65950338805573,0.03560370873181849,0.054559338698218565,57.44680851063832,0.6284227121642704,1.7487545111223635,0.0637313049942505,2.177651058367554,2.0900209991501533,0.2985124220211807,28.65950338805573,2.5977012184088277,0.13617021276595745,0,C:\Users\JHASHANK\Desktop\Maj_Proj\FF++\train\YouTube-real\00227.mp4,FF++/train/FF-real
52.5,1.9567542619877512,178.6368134263235,0.8918412842625459,0.767615279083114,0.6329905005290783,0.331079211674593,0.08899048051660242,19.78021978021978,3.965770700279606,206.26874485965442,1.2819359532343118,1833.3333333333335,21.231058025970594,0.8545206004793132,33.333333333333336,12.24744871391589,0.01882116820971538,0.06896960599151127,25.0,0.6378707702791523,1.7093552809853803,0.8141764932174347,1.5110985556735435,1.2810056274290789,0.38834089875287714,12.24744871391589,3.7027538258770996,0.09641873278236915,0,C:\Users\JHASHANK\Desktop\Maj_Proj\FF++\val\FF-real\id12_0002.mp4,FF++/val/FF-real
60.0,7.5371398637480125,160.9805075079636,0.7117620754976335,0.7955806118738522,0.7572120995490244,0.19841842173516017,0.4288324516270093,86.22754491017966,6.663672437840116,201.97564200643075,0.9241591579281364,250.0,18.51893403917244,0.8910439430795632,466.6666666666667,31.805192153701633,0.032114043800584455,0.09412897634932862,54.54545454545455,0.2995576647387922,1.6368604406854397,0.030673552476888855,1.4739645130141197,1.6470528969588922,0.3761897628492618,31.805192153701633,1.2453215901243844,0.12612612612612611,0,C:\Users\JHASHANK\Desktop\Maj_Proj\FF++\val\FF-real\id17_0002.mp4,FF++/val/FF-real
52.5,1.6296147984250766,95.8838905627042,0.8889127996894387,0.7850709586152023,0.6413391520234557,0.020861611368113347,-0.08720185233815393,29.18918918918918,3.470240047964236,233.56364469318342,1.7763789152463976,4283.333333333333,22.386656267856473,0.8035603682324068,8166.666666666666,15.384053481900224,0.024310405936152857,0.062220765087903245,24.324324324324323,0.6407680054845823,1.6872081012484335,1.0174745170489938,1.8607741534188935,1.7059353508759152,0.2779053978883514,15.384053481900224,4.3577311584096154,0.11081081081081082,0,C:\Users\JHASHANK\Desktop\Maj_Proj\FF++\val\FF-real\id1_0000.mp4,FF++/val/FF-real
67.5,6.512654553300534,155.80931682629426,0.7324226054790042,0.8026935691617931,0.7602150825431238,-0.05537428649155706,-0.030516530895068093,0.0,6.370151358253902,301.5039413096266,2.5025459614563337,2916.666666666667,23.28551562445115,0.6970870924488967,2500.0,29.067128499108286,0.03755897346974327,0.09982582559302686,64.28571428571428,0.33429953892343295,1.3516835137175314,-0.18860207245810034,1.741760544884395,1.7290097609394972,0.3470999632268931,29.067128499108286,6.4361863023691,0.0997624703087886,0,C:\Users\JHASHANK\Desktop\Maj_Proj\FF++\val\FF-real\id1_0005.mp4,FF++/val/FF-real
67.5,6.582995241871302,152.35064977252676,0.808386673802427,0.7929620207781524,0.6612818070877196,0.238061509022775,0.2822990860006762,62.882096069868986,4.071107952738642,231.434440742989,1.5898855565097851,383.3333333333333,18.95704306893502,1.0015821179837392,733.3333333333333,21.6681451320725,0.030739763236936224,0.06943969531855695,39.56043956043956,0.38914837548409537,1.5585784227790531,0.07318207368171858,1.4987798185702288,1.8328992338186947,0.36198616239628234,21.6681451320725,3.946904245972112,0.12035010940919037,0,C:\Users\JHASHANK\Desktop\Maj_Proj\FF++\val\FF-real\id7_0009.mp4,FF++/val/FF-real
82.5,0.43256851626842613,150.14396383652328,0.8557750997580185,0.7696566588308968,0.6665372990765741,0.07322034349507774,0.0,61.53846153846153,4.001777138405996,266.30853632344025,1.4768371135847713,833.3333333333334,17.20614534971164,1.0504420096096487,833.3333333333334,7.741935483870969,0.04447222236010089,0.09313397887386783,19.354838709677423,0.4770451444598411,1.7228440353936767,1.1386680256935904,1.0,1.3691882307328287,0.3340764227250539,7.741935483870969,1.9993482025674965,0.09615384615384616,1,C:\Users\JHASHANK\Desktop\Maj_Proj\FF++\val\FF-synthesis\id0_id2_0000.mp4,FF++/val/FF-synthesis
67.5,3.2473647393612652,172.68952928703362,0.7697499699428514,0.8017312836280156,0.7059872784115173,-0.2416997157877515,0.29487294965020777,7.53138075313808,6.610201436750211,231.7566114045545,1.9053108677389068,3216.6666666666665,15.958952380216083,0.7447332474435405,4833.333333333333,11.983367975374916,0.03711564055296776,0.0681812421190757,18.947368421052644,0.4282110472845236,1.5313514263176462,-0.23990990796338751,1.5075250446530744,1.9364192945827703,0.3996798622290905,11.983367975374916,2.3080371387120016,0.10251046025104603,1,C:\Users\JHASHANK\Desktop\Maj_Proj\FF++\val\FF-synthesis\id0_id2_0007.mp4,FF++/val/FF-synthesis
60.0,6.027527038897896,110.66278255020144,0.7703988470320603,0.8038940769197216,0.745779555068238,0.16712040946921947,0.0,7.692307692307693,5.853353681891684,189.99985046941708,1.2346865113903025,1066.6666666666667,14.817166627563214,1.0868725992639134,1066.6666666666667,33.74631440160521,0.06964844612706117,0.10752022342711946,77.41935483870967,0.4398555353399001,1.443198801691619,0.09062635817780329,1.0,1.6628636650051083,0.2870059246011197,33.74631440160521,3.6278261833739824,0.1047008547008547,1,C:\Users\JHASHANK\Desktop\Maj_Proj\FF++\val\FF-synthesis\id0_id9_0000.mp4,FF++/val/FF-synthesis
52.5,6.665635933591195,209.93938764619836,0.8138937423281285,0.7917849761275102,0.6856260785173339,0.3910825772662574,0.38165466358551325,15.0,4.795277094783032,245.33683812502431,1.3063821679651129,416.6666666666667,15.41835844226583,1.1689509348342184,800.0,24.66301812045552,0.07389200214972667,0.11637917884954108,36.36363636363636,0.44827822575634774,1.432817312648037,-0.01434996602018801,1.4783202321654474,1.3170757991698285,0.4310698828443393,24.66301812045552,4.525323742573974,0.08484848484848485,1,C:\Users\JHASHANK\Desktop\Maj_Proj\FF++\val\FF-synthesis\id10_id7_0007.mp4,FF++/val/FF-synthesis
52.5,6.814339056868535,110.51925702265423,0.7609060161449935,0.7861148303175314,0.7134308324809211,0.1608541430476983,-0.13938620139510094,0.0,5.218126136678517,208.71528486163413,-45.34618888968972,2050.0,13.283765274476416,1.0425617942167107,4033.333333333333,21.492537313432837,0.01895081219239988,0.04977389693404191,53.73134328358209,0.2961572406087859,1.4630186423387233,0.014406879080532953,1.9683587143185879,1.8687588270961406,0.2852225938801956,21.492537313432837,2.116003228095703,0.10714285714285714,1,C:\Users\JHASHANK\Desktop\Maj_Proj\FF++\val\FF-synthesis\id11_id7_0004.mp4,FF++/val/FF-synthesis
67.76771955793131,2.4661896955111335,188.98701364754314,0.890716935709859,0.787739386662064,0.5960198719416548,-0.10216821778346924,0.020649488804226592,31.718224689847908,2.9973089335914107,223.2086249104271,2.0375948161149564,1372.706809242871,16.411770262549716,0.9567061133129482,2343.6457718780725,12.593452410367222,0.06431602722050268,0.06506194590811594,19.911996610848952,0.6177945590146544,1.6985950079167529,-0.05364491795927684,1.8019415511999362,1.9052559504294613,0.4386145395578772,12.593452410367222,2.2753242576739887,0.11086474501108648,1,C:\Users\JHASHANK\Desktop\Maj_Proj\FF++\val\FF-synthesis\id13_id10_0007.mp4,FF++/val/FF-synthesis
64.28571428571428,-0.24864979896160697,138.17699498992025,0.910314981021241,0.7750141188414886,0.6496366850823705,0.11525841023935635,0.07873958113266037,16.071428571428562,2.451526309068954,188.02735801390705,-6.729725511009647,2683.333333333333,28.580985413080448,0.8851927127870034,333.3333333333333,41.34340146156312,0.052323141121108176,0.13924341281696975,72.97297297297297,0.6987386391918937,2.188446178664581,0.9047515901003202,1.7239232291655033,1.7300419093298383,0.32041042316503243,41.34340146156312,7.154319062174327,0.12556053811659193,1,C:\Users\JHASHANK\Desktop\Maj_Proj\FF++\val\FF-synthesis\id16_id3_0006.mp4,FF++/val/FF-synthesis
127.5,-2.4810208307113197,173.80544678845175,0.8431266456651294,0.76751509450761,0.6622393639444013,0.12549441224642086,0.15596652716706846,29.268292682926834,4.203487283395343,230.59082733996922,2.86507859798332,1816.6666666666665,16.781909418347354,0.7746856379497584,2666.6666666666665,36.14001259844033,0.03268735225560813,0.10078949105080923,73.77049180327867,0.48278976614331454,1.9228337051458269,0.5678541715992815,1.7929221098625807,1.7158922962100769,0.3659062037651616,36.14001259844033,1.4863410481828039,0.11382113821138211,1,C:\Users\JHASHANK\Desktop\Maj_Proj\FF++\val\FF-synthesis\id17_id9_0003.mp4,FF++/val/FF-synthesis
60.0,5.473295644886806,154.59235399998548,0.7865507252603188,0.5941776206451901,0.6818443414522777,0.11401505216524624,-0.1963995544351983,26.213592233009713,3.743188764392834,220.60236426224122,1.068496610924761,3633.3333333333335,18.720833188515165,1.466396352064126,0.0,22.385939327968323,0.024298660636711003,0.05301949869372533,43.90243902439024,0.3263877372624489,1.4085696544972577,8.599482977185517,1.8448230094048785,1.7251445424562932,0.3349539319245322,22.385939327968323,5.1601383451983915,0.11192214111922141,1,C:\Users\JHASHANK\Desktop\Maj_Proj\FF++\val\FF-synthesis\id1_id6_0009.mp4,FF++/val/FF-synthesis
82.5,0.03275442431092562,121.69803156382919,0.8820839930093837,0.774161492657202,0.6531441385153329,-0.21489318409258557,0.23400023461413907,8.490566037735846,3.983473560249701,217.35880029872945,1.3219886284739497,2633.3333333333335,14.642733244008536,0.7594186167701771,466.6666666666667,20.74861899769279,0.026848719011923098,0.0389541242519588,42.352941176470566,0.5482392022565462,1.8003977206466433,0.6918901103382122,1.689962174899425,2.0726525789599264,0.29422358731707743,20.74861899769279,2.1700773593429448,0.12971698113207547,1,C:\Users\JHASHANK\Desktop\Maj_Proj\FF++\val\FF-synthesis\id2_id0_0004.mp4,FF++/val/FF-synthesis
120.0,-3.897607564234682,139.92826799769628,0.9059323284449599,0.817582163720222,0.6146750412038757,0.0935957936146314,-0.3847295989217581,33.54037267080746,3.546741228405432,225.8358674751264,1.5612988132444434,3033.3333333333335,27.94759265678607,0.8721638725304796,3566.666666666667,33.75,0.06729537383191204,0.12066539786755621,56.25,0.7009841110735286,2.0587789939340797,-0.3399891061799636,2.1697108311058444,1.5519218349510944,0.3499637530661033,33.75,3.2981190963185067,0.12149532710280374,1,C:\Users\JHASHANK\Desktop\Maj_Proj\FF++\val\FF-synthesis\id2_id6_0009.mp4,FF++/val/FF-synthesis
67.5,5.040346677107557,147.80633280797068,0.8000392934216999,0.379558115331425,0.686389634063156,0.3371084914786395,0.010051508052923807,0.0,3.5290231867655564,202.88689199824242,3.201270896277867,316.6666666666667,19.340429374367375,2.503908613373272,33.333333333333336,37.13116486531656,0.035258810887167445,0.05149617724733666,57.4468085106383,0.2838162917953639,1.4045663249747318,28.0570873739043,1.7326827887581413,1.7393671415078122,0.36163845169213443,37.13116486531656,4.52177315302261,0.1257995735607676,1,C:\Users\JHASHANK\Desktop\Maj_Proj\FF++\val\FF-synthesis\id2_id9_0007.mp4,FF++/val/FF-synthesis
60.0,6.322889691185434,175.62586496425988,0.7565753942699431,0.7286081382892556,0.7512071070162782,0.186081139539313,0.2645379480106647,0.0,6.527230821123398,190.2555873371495,3.1725525698822596,3266.6666666666665,13.81814725888969,1.0477011778337755,1166.6666666666667,22.998382983042756,0.052286242825312454,0.10611367676901932,54.54545454545455,0.3892852432290987,1.3222846908455945,1.4595695196111134,1.8376333495717359,1.5774193515546329,0.4190028126848759,22.998382983042756,5.3064424758829265,0.1285140562248996,1,C:\Users\JHASHANK\Desktop\Maj_Proj\FF++\val\FF-synthesis\id3_id0_0004.mp4,FF++/val/FF-synthesis
45.0,0.6263369398422232,146.14384931073226,0.8322256751490876,0.7747069727414807,0.6309335351288095,0.03527930574588205,-0.03381075124806854,39.30131004366811,3.691553188800882,197.87423360996286,1.400137056921059,1300.0,16.364291721436107,1.40370572369944,833.3333333333334,23.067502001585805,0.05951015713363314,0.10490149706975926,59.34065934065934,0.4918917026761994,1.6172708858755196,0.6073607021643919,1.8584018866246914,1.8265619117377943,0.37210147255721016,23.067502001585805,4.68295914419145,0.1137855579868709,1,C:\Users\JHASHANK\Desktop\Maj_Proj\FF++\val\FF-synthesis\id3_id0_0008.mp4,FF++/val/FF-synthesis
60.0,6.1697424943183385,158.03211591275976,0.7850294986718171,0.8051146559628115,0.7547610768027235,0.24448268505166754,0.08986214639163849,15.0,6.359030563673137,261.058567423198,-0.1798510590459415,4016.6666666666665,17.842711381755596,1.130281227796178,6033.333333333333,8.998125585734128,0.05175302741353611,0.13956931387227056,18.36734693877552,0.4811288999106092,1.449742347575341,-0.21441073433332924,1.501944244301332,1.5159163981372605,0.3658402670260988,8.998125585734128,5.275217511640038,0.08571428571428572,1,C:\Users\JHASHANK\Desktop\Maj_Proj\FF++\val\FF-synthesis\id4_id0_0002.mp4,FF++/val/FF-synthesis
52.5,5.549698825485464,134.35258569878965,0.8307038942976982,0.7117380705954877,0.6594694836835722,0.20494262515829803,0.23259416487442838,8.219178082191782,3.9413178288919632,220.57608313129862,0.5742864821478959,4483.333333333334,14.41082509981895,1.377598426565811,4300.0,33.616710639872935,0.030515186215448045,0.03253222325198959,62.06896551724137,0.3875850150837512,1.592714227129963,3.0733390774051044,1.6764399019040337,1.3300944436046396,0.32577067474086635,33.616710639872935,4.870659508170767,0.1095890410958904,1,C:\Users\JHASHANK\Desktop\Maj_Proj\FF++\val\FF-synthesis\id4_id0_0004.mp4,FF++/val/FF-synthesis
52.5,7.323149134484762,144.85355639657115,0.7236245151419722,0.7958392874684969,0.7447218118700766,0.3444691823990711,0.1376342334310127,33.12883435582823,7.455785821528725,210.8637925490039,1.590476401060443,1000.0,18.061106327246133,1.147020350227098,0.0,33.23076923076924,0.09815482499076879,0.14580970926018905,83.0769230769231,0.3309133792877976,1.4008356359147565,1.1165700936321548,1.4225311956525628,1.1645188144416987,0.36035161117232734,33.23076923076924,4.926625060216876,0.08923076923076922,1,C:\Users\JHASHANK\Desktop\Maj_Proj\FF++\val\FF-synthesis\id4_id1_0008.mp4,FF++/val/FF-synthesis
52.5,4.187519784807837,148.63503435774246,0.808590903883384,0.7563991639139834,0.6979636560528546,0.2274777077832426,0.08641765750452224,28.42105263157896,4.874694328611186,212.18029259225756,2.2432211070728636,1616.6666666666667,20.048574226226584,0.9134864525798279,3233.3333333333335,43.927666557611225,0.0439205997917727,0.06078138776187369,94.73684210526315,0.4211766449778884,1.567892578311881,0.9061550307861252,1.6968541810401772,1.856866183893386,0.3639928676560613,43.927666557611225,4.298743663972956,0.12105263157894737,1,C:\Users\JHASHANK\Desktop\Maj_Proj\FF++\val\FF-synthesis\id6_id2_0008.mp4,FF++/val/FF-synthesis
52.5,3.2529149420050185,153.9028524442855,0.7583698253540345,0.7702382804078931,0.74530603993184,0.02372909480886702,0.1876176011554048,0.0,7.367575386057771,210.37982758022915,2.5174577142123145,2833.3333333333335,15.96405681915627,1.0805854911643047,4600.0,37.511265824477,0.05677878529015002,0.13244276210254347,80.89887640449437,0.36986436482245594,1.4865573577572553,1.5212149540730895,1.6571573679711327,2.070001888644784,0.34781179400642404,37.511265824477,6.4177375050596925,0.10514541387024609,1,C:\Users\JHASHANK\Desktop\Maj_Proj\FF++\val\FF-synthesis\id9_id6_0000.mp4,FF++/val/FF-synthesis
60.0,9.384330078054022,210.42959230234263,0.6731981542602838,0.7958173297945695,0.8216309655111446,0.1928359697516534,0.18539209640766477,19.78021978021978,8.625938277437662,210.0323570434341,3.397787646380089,1050.0,23.512109174234958,0.6800431267079389,1066.6666666666667,53.38539126015655,0.07637982789444187,0.11199465205105928,125.0,0.32351060691677086,1.2806383138693505,0.02035919716115009,1.5432168153125088,1.540546579176897,0.45087551072434395,53.38539126015655,8.36546400768863,0.11294765840220386,1,C:\Users\JHASHANK\Desktop\Maj_Proj\FF++\val\FF-synthesis\id9_id6_0002.mp4,FF++/val/FF-synthesis
45.0,-1.671301131419685,126.29142065133459,0.8994449286066004,0.7662957949835111,0.6035750868937079,0.35455604414942754,0.07343172164537737,48.97959183673469,2.9193133553519837,232.21557095439636,4.230757394954741,2066.6666666666665,16.324544478165357,1.0567037995840014,33.333333333333336,21.354051052219038,0.03864579343358337,0.07311509642240718,49.31506849315069,0.600673096331503,1.8522057270825656,0.8415045537874972,1.7826533852590634,1.5875671369124795,0.31626866918400176,21.354051052219038,3.4706646145041606,0.09863945578231292,0,C:\Users\JHASHANK\Desktop\Maj_Proj\FF++\val\YouTube-real\00003.mp4,FF++/val/FF-real
112.5,-3.9328629114717053,104.74506087533568,0.9260057009033401,0.7123696536448147,0.5942939384995509,0.18706261526787646,-0.18679390895359438,22.689075630252105,2.7099767469646516,161.82638701131395,0.9012980753413443,250.0,15.810310625302348,1.5682867052117415,500.0,16.947041513682624,0.04185524937034404,0.07853584771154017,18.947368421052644,0.7654928242244987,1.9429786234219817,1.715064323777245,1.9530553740519956,1.9049479941840464,0.3021245577245391,16.947041513682624,1.78462938789667,0.11134453781512606,0,C:\Users\JHASHANK\Desktop\Maj_Proj\FF++\val\YouTube-real\00008.mp4,FF++/val/FF-real
60.0,3.6982328092996415,178.7147237360579,0.8503977914728121,0.7462319426483718,0.6629183311087672,0.4006418794844375,0.5145268664502628,22.881355932203398,3.386865922986208,217.60347852408967,1.4705698931439926,16.666666666666668,16.339748193988754,1.0856201230335112,0.0,17.127329189360093,0.04024696499511611,0.11645684542430261,19.14893617021277,0.49728558427856295,1.5606158513389057,3.193280744075495,1.5136037766669446,1.2087395663590201,0.3943294935685845,17.127329189360093,5.467264470982185,0.1038135593220339,0,C:\Users\JHASHANK\Desktop\Maj_Proj\FF++\val\YouTube-real\00028.mp4,FF++/val/FF-real
52.5,4.071034364145667,140.27701381041203,0.8775031729355535,0.7682498018045699,0.6834152458788927,0.029791237783031194,-0.12564143160379687,52.5,4.523246104295914,214.0452981687388,2.3284414899564965,5883.333333333334,15.281844949672792,0.8403684775223075,5000.0,38.012928050361204,0.023756248711326602,0.03527040649874604,70.58823529411762,0.6250229169190604,1.6419786066954758,0.6107758000969654,1.8116571475134187,1.7613100411066094,0.34481565425006994,38.012928050361204,2.4856980408076845,0.12573673870333987,0,C:\Users\JHASHANK\Desktop\Maj_Proj\FF++\val\YouTube-real\00031.mp4,FF++/val/FF-real
60.0,0.755899414895074,129.87354390975074,0.923876226288987,0.7807095281452837,0.6224160222922617,0.08114144034017531,-0.12820297214502793,67.5,3.4397947249789445,187.70291603746614,2.2697163677481513,1833.3333333333333,17.19928535434074,0.8075629549659781,3266.6666666666665,22.040816326530614,0.009172773654195906,0.03492872782941381,36.73469387755103,0.7519752547305412,1.8713872703260168,0.17750457144735954,2.0307648303262584,1.7267581375053271,0.34780358281020846,22.040816326530614,3.024613376595129,0.1446028513238289,0,C:\Users\JHASHANK\Desktop\Maj_Proj\FF++\val\YouTube-real\00078.mp4,FF++/val/FF-real
60.0,2.7626882364512415,124.38958986733842,0.8514698955671763,0.7996615425731443,0.658333194470877,-0.17386979893281104,0.10287531491013463,37.974683544303794,4.696424212248518,182.01869219656453,0.6636153885948265,333.3333333333333,16.221923617931285,1.1644868343159238,366.66666666666663,20.97660858530423,0.054865721834471505,0.09374196348657246,38.29787234042553,0.5397944609552487,1.6509235023051878,-0.3708029161879831,1.6313147587088153,2.0935545503174855,0.2982126236560381,20.97660858530423,3.977210363949736,0.10570824524312897,0,C:\Users\JHASHANK\Desktop\Maj_Proj\FF++\val\YouTube-real\00192.mp4,FF++/val/FF-real
52.5,3.1877713974077126,168.06818134390255,0.8369366794238042,0.7651971056350734,0.7227735847398657,0.17373235695859193,0.03850711520542733,23.684210526315788,5.563859185471955,194.95015965723422,2.282971582418213,1350.0,18.226901056266712,1.005413890904283,2700.0,23.067502001585805,0.06358518930387977,0.1290718154652391,39.56043956043956,0.5477571194374621,1.5867327184256754,0.48491109166193924,1.8418494721652745,1.82913157729466,0.37438909468793063,23.067502001585805,5.858825656791218,0.10329670329670329,0,C:\Users\JHASHANK\Desktop\Maj_Proj\FF++\val\YouTube-real\00198.mp4,FF++/val/FF-real
45.0,-1.5821330515989793,150.04156642520365,0.8687209519691161,0.7585048075697222,0.6082627689415171,0.07663574637889475,0.4897656054592725,23.07692307692308,3.7241106880785244,190.30574101983552,0.6826005466877536,4766.666666666666,14.492419987560565,0.9008552672498367,7533.333333333333,44.1358229070634,0.05100883682877848,0.08048322612746232,96.77419354838709,0.5229725858848593,1.8546640450554657,1.0694077955763381,1.4349137681201778,1.8528478944781814,0.36131779933793984,44.1358229070634,4.118020750888816,0.10920770877944326,0,C:\Users\JHASHANK\Desktop\Maj_Proj\FF++\val\YouTube-real\00225.mp4,FF++/val/FF-real
75.0,2.605245936028895,146.56825128076332,0.8189213391096932,0.7570566214540311,0.6873872698783733,0.3961354157994361,-0.08443967092906995,0.0,4.792146951255226,195.6939075073675,1.9112319271864828,2883.3333333333335,16.096776868491506,0.8632838187250486,0.0,18.295101634089196,0.03011428667261017,0.07599584209731591,20.454545454545467,0.4512034715169412,1.5439655285505571,0.8179728472901524,1.6309741756162386,0.9297407882129507,0.3481553119113957,18.295101634089196,2.128627609755286,0.11564625850340136,0,C:\Users\JHASHANK\Desktop\Maj_Proj\FF++\val\YouTube-real\00242.mp4,FF++/val/FF-real
48.648648648648646,-3.7348548953218557,132.78122606185846,0.8794698078179148,0.8001059696338605,0.6043559675145024,0.13881770717943048,0.18998629458098906,0.0,3.3393909604640752,151.55532555424833,2.2479342814174883,666.6666666666667,11.76244045767233,0.4747496621418691,1033.3333333333335,0.0,0.016605598328828297,0.024782239889849234,0.0,0.6766145845408815,2.0809980189402775,-0.32252661122928705,1.5368609787579106,1.6237836224432871,0.3152360043195201,0.0,2.0498992592397927,0.1360544217687075,1,archive\DFDC_Dataset\Fake\aczigtxrgf.mp4,archive/DFDC_Dataset/Fake
109.45945945945945,-2.3714945014454933,107.56508696544756,0.9148037905995214,0.7580521028879937,0.5755053408682712,0.4107740600608979,-0.0020943336282631822,48.648648648648646,2.416170907784678,199.551878759938,1.0919152512005368,1250.0000000000002,20.527876213720727,0.7751699409566752,2466.666666666667,24.324324324324323,0.017260521494113445,0.0073574991020319835,24.324324324324323,0.7389140784664088,2.297714444975611,0.7344154058884031,1.647956819992863,1.659082724286153,0.26100351984263015,24.324324324324323,3.365095569205261,0.16326530612244897,1,archive\DFDC_Dataset\Fake\agsrndrnjg.mp4,archive/DFDC_Dataset/Fake
133.78378378378378,-5.86685628180705,98.91385452647141,0.9122595159076702,0.7545521536941291,0.5716647579527299,0.19586175507327414,-0.4966468594363026,48.648648648648646,2.293272254487354,128.8474637926542,2.405383822553647,166.66666666666666,12.868369851682996,1.1352574746724744,333.3333333333333,24.324324324324323,0.04103279731286108,0.03695263266475357,24.324324324324323,0.7618316234038901,2.0382370773610075,0.01802099499037091,2.347100668423582,1.6953291218336668,0.28208768512555094,24.324324324324323,3.4070136552787935,0.1292517006802721,1,archive\DFDC_Dataset\Fake\atuweqcvfa.mp4,archive/DFDC_Dataset/Fake
60.8108108108108,5.929213417892086,163.24615020133112,0.7730040618369243,0.7801956492043899,0.6101004553889777,0.4413975337826054,0.01361803831331227,24.324324324324337,3.5232145724472868,202.63912341354785,2.2395166749866835,1000.0,15.863087624385976,0.5384081542680856,0.0,12.162162162162168,0.008524531946166924,0.06726475700483525,12.162162162162176,0.34767733962640496,1.6252785695637382,0.09331054808302275,1.7410725699020708,1.3945528843537665,0.4074505693154967,12.162162162162168,1.5345139422488798,0.1564625850340136,1,archive\DFDC_Dataset\Fake\azerbqkngz.mp4,archive/DFDC_Dataset/Fake
72.97297297297297,-2.5451543407129935,46.8119431843131,0.9260127968054834,0.7745870984965827,0.5740123969905271,-0.02717582589757698,-0.4723226661356664,48.648648648648646,2.3683967036968654,130.59601441887642,-2.045584539420788,1250.0,16.163365032288652,1.0741583472637026,533.3333333333334,24.324324324324323,0.01715106496871599,0.036349954899666415,24.324324324324323,0.7624600759205981,2.1199602428267172,0.37391236242491077,2.1226437880706963,1.4442101417744706,0.18256946101366217,24.324324324324323,2.1633279095617195,0.1292517006802721,1,archive\DFDC_Dataset\Fake\azlfodrdst.mp4,archive/DFDC_Dataset/Fake
72.97297297297297,-0.9620415630241641,77.01978804326568,0.9057230765501686,0.7953258590675386,0.5839265313530126,-0.09073108590411436,0.03946967903525552,145.94594594594594,2.6856490032964055,148.36293376438522,5.063828256167768,733.3333333333334,15.252666843468795,0.9254381922520979,100.0,72.97297297297297,0.06171684354005125,0.09176669781587682,72.97297297297297,0.7500365610886942,2.0333234746811955,-0.3375320975215712,1.9121431950459455,1.5439626759936604,0.2480694691784169,72.97297297297297,8.097929629538168,0.11564625850340136,1,archive\DFDC_Dataset\Fake\bewbohouqa.mp4,archive/DFDC_Dataset/Fake
60.8108108108108,4.689040793746057,121.66581757505895,0.7095688121002657,0.8073506587485392,0.6672495972692656,0.08965956242886652,-0.1369847303493145,72.97297297297297,5.3519871126164995,187.38061648949576,2.7325334552203517,1433.3333333333335,14.761984694494213,0.40415505517517814,1666.6666666666667,36.486486486486484,0.017763554315468888,0.004773410066866213,36.486486486486484,0.3560403976562398,1.4152446150808893,-0.1844547791594109,1.888907270610125,1.7324372814459186,0.33607686383058843,36.486486486486484,2.6331692070681547,0.1360544217687075,1,archive\DFDC_Dataset\Fake\bhbbqmdjkv.mp4,archive/DFDC_Dataset/Fake
48.648648648648646,-0.6102251687744639,172.72328544042153,0.8299585697303606,0.7951848920795241,0.5938281288051979,-0.37805072769721226,0.17527663217903394,48.648648648648646,3.0025001217663334,201.04903981322752,-5.222966938472914,450.0,13.905047182324996,0.8295109663437592,500.0,24.324324324324323,0.012926719565176104,0.021472842759229338,24.324324324324323,0.5471871358079555,1.7153639143189705,0.16258039700305993,1.5952407908750839,2.1624319423861995,0.4091785646854634,24.324324324324323,0.15005176517431207,0.1360544217687075,1,archive\DFDC_Dataset\Fake\bjtdbxvwfp.mp4,archive/DFDC_Dataset/Fake
85.13513513513513,0.037610005687115915,162.92465879799914,0.8396107431796715,0.7235024552707401,0.5780650770000485,0.37803604880457753,0.19997908217624466,24.32432432432431,2.4980824640015533,173.4852662565113,0.4071639492571517,633.3333333333333,14.18159002520742,0.7983810234447587,0.0,12.162162162162154,0.01711367335246522,0.07612860369473845,12.162162162162161,0.5226178102042701,1.6070256747005407,1.3509406339437495,1.5322749673209335,1.4000219228200543,0.3788945553441841,12.162162162162154,0.6862546881693656,0.11564625850340136,1,archive\DFDC_Dataset\Fake\bmewfssalv.mp4,archive/DFDC_Dataset/Fake
97.29729729729729,1.6600899351663876,112.79282877125753,0.8404792956609537,0.7179108196427609,0.6180046449220185,0.5249734253428587,-0.25150923132802355,24.32432432432431,3.7761486375045905,246.42772949229865,2.5699336380554354,0.0,16.88472441813781,0.5392440609886722,0.0,12.162162162162154,0.004401165519685057,0.00014944633924324213,12.162162162162161,0.5944041501769743,1.774506849782305,1.9574930237401897,2.0459304481038627,1.464317281275128,0.2506507306027945,12.162162162162154,0.556276168469874,0.14965986394557823,1,archive\DFDC_Dataset\Fake\bnwlsejuna.mp4,archive/DFDC_Dataset/Fake
72.97297297297297,-0.5752836545394526,153.51393908194595,0.9128346830776459,0.7723994752569225,0.5797035585731203,0.2864339696547192,0.17506600217622498,48.64864864864863,2.5505138743398477,183.58013396125017,3.899242438507734,116.66666666666667,17.34615824152956,0.7199916080445823,33.333333333333336,24.324324324324316,0.015166043388191441,0.0794952271841895,24.324324324324323,0.7604736345660573,1.8373173291744835,2.267913815375106,1.5465700214879055,1.2602676631485752,0.3628431576460663,24.324324324324316,2.5311034073346503,0.10204081632653061,1,archive\DFDC_Dataset\Fake\bwbnjvsbcd.mp4,archive/DFDC_Dataset/Fake
60.8108108108108,-1.3589958459748082,200.1110802640484,0.8426409219965286,0.7167499597972221,0.5862876661665462,0.12281882175229734,0.21443334443127962,72.97297297297295,2.761205317329477,182.58785114296145,0.44022416133154046,133.33333333333334,17.056957829857833,0.9742865286378226,133.33333333333334,36.48648648648648,0.08137758987985827,0.17891145975646228,36.486486486486484,0.5002829758777839,1.7799836686604702,1.399644060927062,1.826540234932512,1.4020232935950065,0.4841397103162462,36.48648648648648,5.868103092082792,0.10204081632653061,1,archive\DFDC_Dataset\Fake\chvwneqdcy.mp4,archive/DFDC_Dataset/Fake
72.97297297297297,2.931871781608258,255.9939058231545,0.8385891991250728,0.7183832321243908,0.6093248873459334,0.08695374092491487,-0.7647614931601947,97.29729729729729,3.498396395069866,146.45801999117026,1.2989827267198542,1250.0,13.236984748400833,0.6866523129045148,1033.3333333333335,48.648648648648646,0.08707796864457246,0.16152241324939398,48.648648648648646,0.5217329427566929,1.6413292129986818,1.8374146683294468,2.352777503099687,1.1616406497802152,0.5650574234779553,48.648648648648646,17.582542166959925,0.10204081632653061,1,archive\DFDC_Dataset\Fake\cpzyxoqgnd.mp4,archive/DFDC_Dataset/Fake
60.8108108108108,3.5610481600433745,98.56639980176118,0.855278246895786,0.7951230802069718,0.5888812448565217,-0.002865760918072738,0.12985754409169215,72.97297297297295,2.8441998354086953,173.88322562721882,1.6179413953480857,816.6666666666667,12.623877269973129,0.8987347195764608,466.6666666666667,36.48648648648648,0.046310349059143885,0.0894897996774866,36.486486486486484,0.6027182696365143,1.77498239877308,-0.022224062615848972,1.4650367818197387,2.0765048042803715,0.29186904552040854,36.48648648648648,3.312721805257738,0.14285714285714285,1,archive\DFDC_Dataset\Fake\cxvbureeyj.mp4,archive/DFDC_Dataset/Fake
48.648648648648646,1.657148640037265,143.80376385096568,0.7883898690807243,0.8317883631501527,0.6358065638873639,-0.051588669633267775,0.11921195392056527,0.0,4.345810044395644,160.35268295845069,1.5487718871192555,1266.6666666666667,9.150601502867751,0.9017273963174542,1666.6666666666667,0.0,0.03676867481451823,0.09656598405788458,0.0,0.5179732618027733,1.578935049163122,-0.5793786940671546,1.4739783912133406,1.7608931550356268,0.37366332339227315,0.0,4.993163482975844,0.11564625850340136,1,archive\DFDC_Dataset\Fake\dhpsvaichc.mp4,archive/DFDC_Dataset/Fake
42.857142857142854,-0.46209875854153637,117.35540383522117,0.8468975815582177,0.8035911893062144,0.593333573276266,0.002416545498672179,-0.2962165681044988,0.0,2.613340051735448,180.2343494055549,2.6723897160392918,2283.3333333333335,15.044636023000013,0.43122954476032377,1866.6666666666667,0.0,0.0008658987349301484,0.05153821094542499,0.0,0.5593976947320225,1.7585182449663834,-0.17848419728100362,2.0253556272034503,1.7412377024931698,0.2880541730500884,0.0,0.16124678019756655,0.128,1,archive\DFDC_Dataset\Fake\diokmtvbvi.mp4,archive/DFDC_Dataset/Fake
48.648648648648646,-2.974319438308685,76.30108067887376,0.8006817348828944,0.7711148836266027,0.6358016375340703,-0.35613531479454186,0.2845736283425583,72.97297297297295,4.345652401090247,177.60062384088147,0.8530506948204258,183.33333333333331,13.436414381233755,0.7536906935793076,166.66666666666666,36.48648648648648,0.032616106073427076,0.024463024245383047,36.486486486486484,0.4849536948353322,2.1361396110481525,0.5194259998205406,1.445403813019196,2.2507444968446877,0.20471021645551501,36.48648648648648,1.2566842450371698,0.1360544217687075,1,archive\DFDC_Dataset\Fake\dzfavttdga.mp4,archive/DFDC_Dataset/Fake
73.97260273972603,3.7616679176630203,232.2833518691246,0.7799908353858507,0.7181081971262948,0.6513646772921673,0.3589750709384236,0.5325751169257741,49.31506849315069,4.843669673349355,328.59476813525066,1.9953915542926226,350.0,16.901408249826602,0.4170010631565674,700.0,24.657534246575345,0.02968494724425652,0.093923822922508,24.657534246575352,0.5004363533335946,1.7372588209722695,1.7367410966500172,1.4524472652624145,1.3770901061941674,0.5262774268664336,24.657534246575345,2.6280082567510834,0.08275862068965517,1,archive\DFDC_Dataset\Fake\ecqkcffgur.mp4,archive/DFDC_Dataset/Fake
60.8108108108108,3.4944484486968133,81.033067476749,0.7825018751929098,0.734606259837997,0.6407229273341728,0.24587489485662578,0.03648238148073386,97.29729729729729,4.503133674693531,130.66689429038453,0.2632035128731584,1116.6666666666667,15.482470060342079,0.7453780815825529,0.0,48.648648648648646,0.023635344133798142,0.04849533184877575,48.648648648648646,0.4322983770886137,1.5474839478327187,1.2491519463544698,1.8670273116444607,1.6613858862627737,0.24479432040084664,48.648648648648646,7.589930826240252,0.12244897959183673,0,archive\DFDC_Dataset\Real\aqfytexxbl.mp4,archive/DFDC_Dataset/Real
133.78378378378378,-3.490766026894143,83.20927404694534,0.853333169282726,0.6905755640057534,0.6156048589546723,0.0929974647079865,0.19419304494223216,48.648648648648646,3.699355486549515,171.44923209183756,1.777373231370827,1483.3333333333333,14.20015200916675,0.5621696378824493,1266.6666666666665,24.324324324324323,0.03427514126644071,0.03357593065165121,24.324324324324323,0.558331644228316,2.2423057504358974,5.287726328734058,1.8575660038127375,1.644910016187942,0.21452390965228094,24.324324324324323,1.7733650361238007,0.14965986394557823,0,archive\DFDC_Dataset\Real\csomiogcwu.mp4,archive/DFDC_Dataset/Real
48.648648648648646,4.00114713587138,177.6701062831524,0.7371526720876391,0.5511646616051401,0.6533291752745711,0.5937627531942343,0.19709065446683316,24.324324324324323,4.906533608786278,182.55489422653187,0.5353882288269233,566.6666666666666,9.793635507750482,1.7760758573940458,0.0,12.162162162162161,0.010663152647504115,0.004812989180402072,12.162162162162161,0.4336814429817724,1.4426570843061666,5.8619332121722,1.7804544909243454,1.2559791861539233,0.389058626897414,12.162162162162161,0.25008550308137867,0.07482993197278912,0,archive\DFDC_Dataset\Real\dkkvcedpkn.mp4,archive/DFDC_Dataset/Real
85.13513513513513,1.2231401648634432,122.20201853215573,0.8444634712285692,0.7561311379785117,0.6117189436884061,-0.0410385207840982,0.0988557616158881,72.97297297297297,3.5750061980289956,181.66444188793136,0.6902250289160349,833.3333333333333,14.644155932557748,0.9960872096730117,400.0,36.486486486486484,0.008764143872080188,0.045596074243654694,36.486486486486484,0.5514234386492424,1.912203373052504,1.728842279650154,1.6211037986009729,1.988073379618595,0.29565004483586066,36.486486486486484,4.782562617601293,0.1292517006802721,0,archive\DFDC_Dataset\Real\eomsfwykap.mp4,archive/DFDC_Dataset/Real
60.8108108108108,0.5697016544006072,80.89774066341066,0.8618321583169593,0.7667033360371139,0.6059428403979796,0.10717699749610454,0.15766614643315033,0.0,3.39017089273535,227.56842838426326,-158.0029158355564,1166.6666666666667,17.938650706854705,1.0283346817935308,0.0,0.0,0.05754373732971846,0.07409783667832315,0.0,0.608364819433926,1.8392934504389482,0.022662656869646636,1.629232302836704,1.4118323291636514,0.18526200151926106,0.0,2.5472142260662487,0.1292517006802721,0,archive\DFDC_Dataset\Real\evysmtpnrf.mp4,archive/DFDC_Dataset/Real
194.59459459459458,-5.913637013832657,66.66666666666666,0.8713379567321509,0.756719601172111,0.5805753220492407,-0.2313832929287294,-0.18758173969295266,97.29729729729729,2.5784103055757006,144.93155959728801,3.465096871393419,300.0,21.218253777593183,0.7007350990077688,266.6666666666667,48.648648648648646,0.013022547007592089,0.01349140119908665,48.648648648648646,0.5404724296105347,2.2615152707336095,0.6127135294952697,1.8764204907075348,2.1856252209032974,0.22238305113061702,48.648648648648646,2.9481135036745925,0.19047619047619047,0,archive\DFDC_Dataset\Real\gsshxchgqv.mp4,archive/DFDC_Dataset/Real
109.45945945945945,-0.720690048152358,95.58139185602919,0.825745220738723,0.7591202602849332,0.6363257521248336,0.5507326725611381,0.6945282353406794,97.29729729729729,4.362424067994674,156.9577629928013,2.6027311157834907,16.666666666666668,20.374713027489637,0.8091974316128439,0.0,48.648648648648646,0.005672450187652889,0.0813166412959776,48.648648648648646,0.5191880255049856,1.9731324290714551,0.5930876441085093,1.2049483227425257,1.466165439780738,0.3172860148586973,48.648648648648646,3.1446906731138444,0.1360544217687075,0,archive\DFDC_Dataset\Real\gxbkcxyfjm.mp4,archive/DFDC_Dataset/Real
60.8108108108108,1.2530228294189327,104.72091208544686,0.8672494584375608,0.7230016493888474,0.6152711171446641,-0.07505718974423414,0.007168494913924067,48.64864864864863,3.6886757486292505,136.23930302017394,7.258478859223094,2066.6666666666665,31.66964058259269,0.9087051734601509,1133.3333333333333,24.324324324324316,0.025671963273362186,0.01225077299724514,24.324324324324323,0.6508396075769324,1.7188210961500323,1.0375305478008414,1.871938372169653,1.8810136024155015,0.2917225408094592,24.324324324324316,3.969920536616697,0.1836734693877551,0,archive\DFDC_Dataset\Real\hmxihwteht.mp4,archive/DFDC_Dataset/Real
60.8108108108108,5.343904073359415,98.84549351697027,0.7155379129036508,0.8022195941282598,0.6868012410101364,0.4307195633673855,0.06022056414456109,0.0,5.977639712324364,133.92161652556868,-56.81171842275729,33.333333333333336,14.38409663699926,1.0291731076687658,0.0,0.0,0.017186739829531117,0.05979729337718359,0.0,0.40118104750973566,1.4239654435808542,0.019691649337197692,1.5744543488691087,1.2539508505943173,0.2568426209496077,0.0,2.340731306591818,0.10204081632653061,0,archive\DFDC_Dataset\Real\jvkjkrdeok.mp4,archive/DFDC_Dataset/Real
170.27027027027026,-6.436144165949678,103.0641655582687,0.9215223397267731,0.7690753672712157,0.5731328844761411,0.5249826857336886,0.07968042007407643,48.648648648648646,2.340252303236514,181.74682614862832,1.6578205099387078,33.333333333333336,13.414526249852074,0.8194703991153582,33.333333333333336,24.324324324324323,0.012172433544564376,0.010655540603026092,24.324324324324323,0.7845642881054757,2.0648099920223135,-0.17511053695745815,1.7693948955325736,1.4517805767772938,0.2864402206394905,24.324324324324323,2.633262275921375,0.11564625850340136,0,archive\DFDC_Dataset\Real\khhsdtspvv.mp4,archive/DFDC_Dataset/Real
145.94594594594594,-2.984582900722166,119.67032904743341,0.8381845558533629,0.8277719121973711,0.6256775513362637,0.15295027713459822,0.0442195644786427,48.64864864864863,4.021681642760439,176.44907168605997,0.04736884726999064,883.3333333333334,12.958454188766076,0.5291693293769486,400.0,24.324324324324316,0.008337690227337158,0.0024232778519395204,24.324324324324323,0.5060932928735374,2.2745150759501214,-0.5228500302112153,1.5699406191923297,1.7117798311342551,0.26925824035672524,24.324324324324316,4.9685707744176995,0.1360544217687075,0,archive\DFDC_Dataset\Real\muxejwktkc.mp4,archive/DFDC_Dataset/Real
97.29729729729729,-0.11802697018126425,73.8596433350463,0.9275922981367154,0.7467346591920814,0.5767750092245965,0.11489096096616488,-0.15638530315156582,72.97297297297297,2.456800295187086,143.4592571276702,2.1152978793718593,1116.6666666666665,16.878746154869717,0.6915151656296267,2033.3333333333333,36.486486486486484,0.007737818332115953,0.004196993756090284,36.486486486486484,0.7859267355898634,2.4196594039284847,1.0285403342939583,1.741453232971798,1.9857310497858327,0.23914777177834048,36.486486486486484,2.6803120245222547,0.1564625850340136,0,archive\DFDC_Dataset\Real\ncmtepztza.mp4,archive/DFDC_Dataset/Real
85.13513513513513,6.222853570275413,110.75498483890766,0.7797836330404125,0.8229648664739705,0.6815498790261748,0.13899233875755931,0.47613839779750766,0.0,5.809596128837595,192.88356667737645,1.4195511749672283,600.0,22.616354374291276,0.9315247609365263,566.6666666666666,0.0,6.156928581102505e-05,0.01342896423440565,0.0,0.4767182152427596,2.025192083909831,-0.5291077422257584,1.135934970325974,1.4858353579967358,0.24431246655641398,0.0,0.6723578068234035,0.11564625850340136,0,archive\DFDC_Dataset\Real\ovxqacozqb.mp4,archive/DFDC_Dataset/Real
60.8108108108108,2.35937116025662,216.59542988464364,0.8970139634208586,0.716069623172678,0.578760191287267,0.6525029950802633,0.6699324963360411,24.324324324324323,2.5203261211925425,169.95780842420012,1.1070737024556951,33.333333333333336,20.520272173901475,0.837610319298291,33.333333333333336,12.162162162162161,0.09052259224256831,0.12722058172747033,12.162162162162161,0.7200450181727445,1.709276008996588,0.570128006654858,1.0654280579392104,1.105093305830928,0.4430361065822257,12.162162162162161,2.2853172819192844,0.07482993197278912,0,archive\DFDC_Dataset\Real\prwsdpvgvk.mp4,archive/DFDC_Dataset/Real
109.45945945945945,-1.0900922094669594,117.94929858645635,0.899339521459169,0.7942931611714479,0.6077717579738513,0.28693243351846537,-0.05701614329176427,72.97297297297295,3.4486962551632434,169.4564738171588,1.563994773159851,1150.0,22.88888678820815,0.937619234668551,0.0,36.48648648648648,0.012354342220145753,0.020859753542906756,36.486486486486484,0.7174776652244094,2.1135405303672075,0.1644358752497439,1.7942058749873597,1.342042150004952,0.3011471453271226,36.48648648648648,0.047713465537649435,0.14285714285714285,0,archive\DFDC_Dataset\Real\qvmadvtfzf.mp4,archive/DFDC_Dataset/Real
60.8108108108108,2.150889941025599,131.46843962443592,0.8337295532887553,0.7749846910250597,0.61355775222388,0.29636689712793834,0.019481253739165854,48.64864864864863,3.6338480711641585,194.35913663607022,1.3066690207605054,100.0,19.879024275624445,0.997548025069752,0.0,24.324324324324316,0.02493837242522839,0.05061471729695188,24.324324324324323,0.5428608743686955,1.69739327360167,0.11785497468935402,1.353922656396005,1.1390883037340505,0.2572208601347659,24.324324324324316,9.240526350135948,0.09523809523809523,0,archive\DFDC_Dataset\Real\vjokxcywyt.mp4,archive/DFDC_Dataset/Real
72.97297297297297,3.99862668658087,186.01928556785342,0.7022620133793005,0.7363141076873174,0.6867086138436316,0.6684032371454385,0.24493335235295075,0.0,5.97467564299621,337.1464164119357,3.872348137302432,33.333333333333336,13.894231972785354,0.6829382768653174,33.333333333333336,0.0,0.07611676838266646,0.08760843762286108,0.0,0.4207099748414638,1.5135732512907247,1.4293895986355638,1.7358950114210387,1.2726961846204565,0.44924592956718185,0.0,1.5404408845091284,0.08843537414965986,0,archive\DFDC_Dataset\Real\xugmhbetrw.mp4,archive/DFDC_Dataset/Real
60.8108108108108,-0.25245531570363366,148.63937537491785,0.8639433718491953,0.7504413061790295,0.5932004408741645,0.25472913539329134,0.6581577211826568,97.29729729729729,2.982414107973264,141.20417139954543,1.2674019434160664,1500.0,15.660402278871402,0.896426644823898,3000.0,48.648648648648646,0.0203611974712698,0.016019945685585124,48.648648648648646,0.5274599567115518,1.8046569165050834,2.1330121936053192,1.021828471996626,1.7222889155638696,0.38929360217240394,48.648648648648646,6.498001267338721,0.11564625850340136,0,archive\DFDC_Dataset\Real\yovkaudkhn.mp4,archive/DFDC_Dataset/Real
121.6216216216216,1.8290509799286556,96.66666666666666,0.7695412966425119,0.7788427466266852,0.6696175563070346,-0.07505741330964391,0.07579496859841076,24.32432432432431,5.427761801825105,187.40846372894947,1.8808700505561917,916.6666666666666,15.138560505485842,0.8244073389944773,1600.0,12.162162162162154,0.03610761425346337,0.08531763444629048,12.162162162162161,0.5171973632388868,2.074284711574993,0.12700096748786294,1.7128545854994632,1.639575936709673,0.26384581387557743,12.162162162162154,0.4216184356580163,0.14965986394557823,0,archive\DFDC_Dataset\Real\znsntylmoo.mp4,archive/DFDC_Dataset/Real
