heart_rate_bpm,snr_db,prv_std_ms,spectral_entropy,mad,signal_quality_index,cheek_forehead_correlation,left_right_cheek_correlation,hr_half_diff,peak_prominence,systolic_peak_width,diastolic_notch_ratio,forehead_cheek_phase_lag,signal_to_motion_ratio,peak_amplitude_variability,pulse_transit_time_proxy,spectral_flatness,spectral_centroid,kurtosis,phase_coherence_lr,phase_coherence_cf,pulse_cv_interval,zero_crossing_rate,label,video_path,source
63.28125,3.532716718608798,181.57786633273923,0.8754274210702361,0.7636449782128035,0.6310441813462071,0.6794091077502676,0.39496474330349934,42.1875,2.99825194057265,282.3671801630314,0.7594443073616014,16.666666666666668,26.639166828959414,0.8501913784546051,33.333333333333336,0.48195786794941703,1.8002926887322475,-0.06057171207198442,1.060078422442903,0.9710677383861607,0.3901592049008725,0.09523809523809523,1,C:\Users\JHASHANK\Desktop\Maj_Proj\DFDC_Dataset\Fake\aaaoqepxnf.mp4,DFDC_Dataset/Fake
70.3125,3.3630405584339407,207.2750900686403,0.764417015291021,0.7522275450538424,0.7438648629223029,0.626587066700587,0.014397563909449093,14.0625,6.149110577572151,166.52366132768276,1.3133849198654453,0.0,18.650055251917294,1.0002166498536795,0.0,0.39997255760327405,1.543923443532905,0.7115146430367592,1.7996668486439962,1.4060701102362578,0.4629434187852117,0.11564625850340136,1,C:\Users\JHASHANK\Desktop\Maj_Proj\DFDC_Dataset\Fake\aabkwhhgwv.mp4,DFDC_Dataset/Fake
91.40625,1.3446813535527196,89.50404424884869,0.7671808313503377,0.7709997536069627,0.6968868490477118,0.5686997245431936,-0.12707889789045446,42.1875,4.057782876122574,177.3768270982408,3.9450305684833147,50.0,20.8819774544485,0.7317176476107666,66.66666666666667,0.28949043647588346,1.7742772586006044,-0.02342934375314476,1.4820968406758255,1.23576697898675,0.3041217465877446,0.1564625850340136,1,C:\Users\JHASHANK\Desktop\Maj_Proj\DFDC_Dataset\Fake\aafezqchru.mp4,DFDC_Dataset/Fake
70.3125,1.6280097667288427,77.3799348732451,0.8998903157223253,0.7508801767128532,0.6632907631125987,0.5277556755618773,0.05078449333500463,42.1875,3.4869489746070106,187.5279390034251,-0.6227039932614248,16.666666666666668,11.973313422639924,0.7130666056593895,33.333333333333336,0.662452879888577,2.0510038871250984,1.3549132895063956,1.6896815619706294,1.4379404897078956,0.20482923937035472,0.14965986394557823,1,C:\Users\JHASHANK\Desktop\Maj_Proj\DFDC_Dataset\Fake\aahsnkchkz.mp4,DFDC_Dataset/Fake
84.375,3.870155502962933,159.37159582421066,0.7100460870828111,0.839916640690015,0.7410521277155121,0.5193862056388832,-0.2958317128827189,0.0,6.1564862462362635,265.3442866607526,2.2011226373109474,16.666666666666668,21.790994876987906,0.4438876336345302,33.333333333333336,0.2528633231975347,1.4047258888460672,-0.8471716138387935,1.9550189489820038,1.146590075230717,0.30117466927409886,0.10204081632653061,1,C:\Users\JHASHANK\Desktop\Maj_Proj\DFDC_Dataset\Fake\aajhbrxhzm.mp4,DFDC_Dataset/Fake
56.25,0.9493233238166223,71.30832029440798,0.8670547456349951,0.7492042454999356,0.6693990781580943,0.7092205035644192,0.28151346445254655,84.375,4.135233471080609,158.50907707216209,1.0509585621302395,16.666666666666668,21.35594688687349,1.0308299707792705,0.0,0.47551264561972634,1.881612538080153,0.7981331236149685,1.5822122034788781,1.1365248526762395,0.19596179622890744,0.10884353741496598,1,C:\Users\JHASHANK\Desktop\Maj_Proj\DFDC_Dataset\Fake\aakkdgsmvl.mp4,DFDC_Dataset/Fake
126.5625,-3.0295396062403195,109.79779394667068,0.9056952341681729,0.8146159437041565,0.6471904139467939,0.7784512254206619,0.391023580689143,77.34375,3.409956778079347,180.0187058216551,2.0216076211508294,0.0,19.614089315358157,0.49734913764742844,0.0,0.669925826323417,2.099007608321359,-0.21454291785532975,1.309164002964362,0.7073981486504493,0.2930163576638442,0.14965986394557823,1,C:\Users\JHASHANK\Desktop\Maj_Proj\DFDC_Dataset\Fake\aaprcuxsdb.mp4,DFDC_Dataset/Fake
70.3125,7.589239732912848,144.96582067245131,0.6817180855700465,0.6935863690248688,0.7737379000441695,0.6824680854653276,0.2901447110229872,7.03125,6.104067395160208,205.49167838808816,-24.879389109564578,50.0,17.872290196743442,1.7038180563714171,100.0,0.2135120142167895,1.2466513374094246,0.7469007408060735,1.8242137905663192,1.4367120401363398,0.3559620546842036,0.1360544217687075,1,C:\Users\JHASHANK\Desktop\Maj_Proj\DFDC_Dataset\Fake\aaqaifqrwn.mp4,DFDC_Dataset/Fake
56.25,4.1037536172376425,80.51715306416013,0.8100090539132964,0.8384642107837813,0.733633507518451,0.7212392835936254,0.22691345929348256,84.375,5.545787351361566,148.74124949955694,1.0600623420128865,16.666666666666668,16.060637722358784,1.2187623990381666,0.0,0.42948366593281906,1.5408125444073064,-0.8798698062542294,1.5943720408704702,1.2213084344635912,0.2547593598731442,0.10884353741496598,1,C:\Users\JHASHANK\Desktop\Maj_Proj\DFDC_Dataset\Fake\aarsmohwrt.mp4,DFDC_Dataset/Fake
56.25,0.6392227314359105,125.52918289216957,0.8956407106838479,0.7882412926835606,0.6571489147641089,0.5998890569423849,0.144759597282401,147.65625,3.3176088952420177,155.9354695706739,3.300437130488056,0.0,20.413853678113036,0.520140989321584,0.0,0.6679642425337067,1.872105219749997,-0.1988775084156158,1.630855681034762,1.3789999854141162,0.31382295723042397,0.16326530612244897,1,C:\Users\JHASHANK\Desktop\Maj_Proj\DFDC_Dataset\Fake\aassnaulhq.mp4,DFDC_Dataset/Fake
49.21875,2.082498371452213,140.79141387961917,0.7728811161043747,0.8024236249813088,0.7539926979561195,0.5428354354798436,-0.2856821626664836,7.03125,6.2152346908634675,220.9538020991199,0.6843714202410798,16.666666666666668,12.043849429330447,0.7638819757729393,0.0,0.33943223862080885,1.5013656144730478,-0.14516485030652415,1.9020147657312383,1.2923674551328057,0.3152046579394459,0.08843537414965986,1,C:\Users\JHASHANK\Desktop\Maj_Proj\DFDC_Dataset\Fake\aauhqwwncp.mp4,DFDC_Dataset/Fake
70.3125,0.40748278093111906,125.65384549980509,0.8624276929519664,0.8134971392623779,0.6602694104654382,0.7661520762807955,0.3218511950442169,35.15625,3.3137190630841773,172.69844114950934,10.577237482164435,0.0,11.86015178298819,0.8093588401238594,0.0,0.5300328980536895,1.7360993184805502,-0.5704259953168394,1.5544944688678808,1.2579283121533942,0.34062438841843345,0.1292517006802721,1,C:\Users\JHASHANK\Desktop\Maj_Proj\DFDC_Dataset\Fake\aavyetamvt.mp4,DFDC_Dataset/Fake
49.21875,-1.4070032078225159,115.23221619336329,0.8934629372759407,0.8125611315603134,0.6289660129241378,0.7453027651722466,0.37994610689817904,77.34375,2.7215233799385707,202.95711877854424,1.8721949781276859,0.0,9.943396395615387,0.399228969078305,0.0,0.5977563716771269,1.9429270998309536,-0.03631876395618194,1.3073126112564208,1.0049383260114266,0.29949146450973346,0.14965986394557823,1,C:\Users\JHASHANK\Desktop\Maj_Proj\DFDC_Dataset\Fake\aawhvztjdt.mp4,DFDC_Dataset/Fake
77.34375,2.0493799141214555,106.57403385139375,0.7894768327712854,0.7049523219794197,0.684140120397408,0.7434019760231441,0.3701366446174357,112.5,3.981591049809212,169.6284333559529,1.7857241022459491,0.0,18.31394025746487,0.8415299628718417,0.0,0.27133413268765344,1.6420285809207853,1.8262709659853984,1.499817858489782,1.2853605926520024,0.2997394702070449,0.1564625850340136,1,C:\Users\JHASHANK\Desktop\Maj_Proj\DFDC_Dataset\Fake\abaodketae.mp4,DFDC_Dataset/Fake
63.28125,3.25653990747492,112.06037632519055,0.787944593187305,0.8294503894252411,0.7682990978376611,0.7914551467014996,0.6151361576595524,56.25,6.28508315355675,123.85521291225216,-0.0004260648143354547,0.0,13.370563569742949,0.8374229663672415,0.0,0.48567410659707744,1.6798845396519977,-0.5035013589996296,1.0923623615553815,0.9168636901312422,0.30349685254739106,0.10204081632653061,1,C:\Users\JHASHANK\Desktop\Maj_Proj\DFDC_Dataset\Fake\abdxzlhagb.mp4,DFDC_Dataset/Fake
91.40625,-2.0402548702825705,94.04490653110591,0.8826045664262777,0.7931836851285629,0.6183715762988254,0.7255946132708235,0.3625513810318746,42.1875,3.097277541091359,202.19239844098524,1.9032556902122582,16.666666666666668,21.12377681826541,0.649215108918713,33.333333333333336,0.49151984889986233,1.8216377634777394,0.05861765246105355,1.3515643233162,1.0669156322430748,0.26242342449319006,0.14965986394557823,1,C:\Users\JHASHANK\Desktop\Maj_Proj\DFDC_Dataset\Fake\abebnhqyzv.mp4,DFDC_Dataset/Fake
70.3125,4.862946844710454,241.96849554119046,0.8101463614263529,0.7709961517539664,0.715615696123187,0.6249957120160207,-0.023833130999731608,14.0625,4.943087223407137,232.92979836939833,2.0957677471339498,16.666666666666668,25.117990663726232,0.6522394920791468,33.333333333333336,0.3398232796321997,1.5282577415880596,0.1216422135220343,1.4720631492534624,1.0371101715358624,0.38494987927007573,0.10884353741496598,1,C:\Users\JHASHANK\Desktop\Maj_Proj\DFDC_Dataset\Fake\abeibpdqhj.mp4,DFDC_Dataset/Fake
49.21875,-1.8711865376515233,80.5536398239638,0.9039087166609017,0.812580892016395,0.6156200326472612,0.6726410523614919,0.1011743991733575,91.40625,2.7524893364280865,170.88935689346735,1.1198706484472625,0.0,13.247879094954712,0.7771034635790367,0.0,0.5986969359878475,1.8046019855332094,-0.1598706766627882,1.581887435291575,1.573715660455026,0.25789314791138784,0.12244897959183673,1,C:\Users\JHASHANK\Desktop\Maj_Proj\DFDC_Dataset\Fake\abfvpzjkwr.mp4,DFDC_Dataset/Fake
98.4375,-2.0173453276963276,144.68356276140472,0.8567737782163607,0.7867013347324451,0.6264327461653622,0.7251892944018364,0.23118215537162504,56.25,3.27870382041751,167.37518170375182,-2.0799174907830666,16.666666666666668,24.10818852751128,0.7394124110437004,33.333333333333336,0.41208557171258414,1.8244993219665955,-0.5856359246318323,1.4217534360482689,1.0759150639409758,0.3672684132878139,0.1564625850340136,1,C:\Users\JHASHANK\Desktop\Maj_Proj\DFDC_Dataset\Fake\abgunexqlc.mp4,DFDC_Dataset/Fake
49.21875,4.044414976646419,114.11012353795594,0.7594035030992026,0.684437741895347,0.750995515382423,0.8494938876502426,0.6203073665352569,35.15625,6.142426868863231,157.6781042326744,0.1283774383870002,0.0,6.210890653273381,1.278005444133829,0.0,0.3495410204940033,1.334594174869642,2.780296411767755,1.4327933139004543,0.7913263549545575,0.2831303817107178,0.10204081632653061,1,C:\Users\JHASHANK\Desktop\Maj_Proj\DFDC_Dataset\Fake\abhqmggsqu.mp4,DFDC_Dataset/Fake
56.25,-1.486981525719988,114.18491338370602,0.9065691463612695,0.7182692562957587,0.623230893008922,0.4674057235803677,-0.3859965984795422,14.0625,3.1640585317275898,174.90913645445497,2.6420221304953517,33.333333333333336,24.94403731271337,0.8120069254168526,0.0,0.653107410905975,2.0851412429571354,2.00154859115504,2.093515020241265,1.3147458977505808,0.2768119112332267,0.12244897959183673,1,C:\Users\JHASHANK\Desktop\Maj_Proj\DFDC_Dataset\Fake\abiodyryai.mp4,DFDC_Dataset/Fake
77.34375,1.0688146451409055,143.7976974008199,0.8533181098028244,0.7349261073165734,0.696560492992939,0.5053737930635722,-0.2926848625386591,21.09375,4.286671769344081,126.76194393435568,3.1282191330618496,0.0,16.0608551868533,0.8539612248962698,0.0,0.49169219075339954,1.8091431604764578,0.2660498405910463,2.0228337612242617,1.1529243422269133,0.40172916594721564,0.17006802721088435,1,C:\Users\JHASHANK\Desktop\Maj_Proj\DFDC_Dataset\Fake\abiotberut.mp4,DFDC_Dataset/Fake
98.4375,2.5012037021484197,176.33419974582355,0.8647374441689568,0.6962564701040608,0.6959342843279686,0.7205826956844921,0.2972287429824341,42.1875,4.2558469968535215,190.3172445785903,4.419651938459624,0.0,21.065395916780815,0.814526496948882,0.0,0.5766866033230433,1.9502889205356406,1.2338704521516348,1.7326435983595163,1.5485947243533515,0.4057170055988387,0.11564625850340136,1,C:\Users\JHASHANK\Desktop\Maj_Proj\DFDC_Dataset\Fake\abjvfvhtnp.mp4,DFDC_Dataset/Fake
56.25,5.156438187427335,184.79530717947236,0.7109896479132364,0.7521781936952041,0.7292906486188935,0.6921137682942395,0.12205651073987267,0.0,5.592396869600758,176.12017825287225,1.9151015079045677,0.0,16.667039883440452,1.001725830614023,0.0,0.2050723160160822,1.2108390718118265,0.7107915635852726,1.6905385592489586,1.3204890034455412,0.43651685866110906,0.10884353741496598,1,C:\Users\JHASHANK\Desktop\Maj_Proj\DFDC_Dataset\Fake\ablzpwqhcc.mp4,DFDC_Dataset/Fake
63.28125,-0.7392017642012401,82.98826628866155,0.8960397819036874,0.7332170815606589,0.6657319342910185,0.697489903509871,0.33301117509694134,14.0625,3.949391549611981,182.02978039914953,0.9355925612705388,0.0,23.456030701059014,1.0718819714206012,0.0,0.6537628321352165,2.0014038075283764,1.910625698083301,1.5798798215084526,1.425732796358112,0.23984568279853077,0.1292517006802721,1,C:\Users\JHASHANK\Desktop\Maj_Proj\DFDC_Dataset\Fake\abssilrpat.mp4,DFDC_Dataset/Fake
154.6875,-2.5215833110302412,191.16278371205837,0.8905497425863035,0.7024615040826542,0.6411200492196432,0.38871894289328557,-0.18692361454901343,112.5,2.932487518309315,174.79492747983915,2.2618746719575835,16.666666666666668,16.848182669678042,1.1258749840556401,0.0,0.5934928126930937,2.328925654365048,1.996059072728869,2.10281525897026,1.5372012826357775,0.459480629602154,0.11564625850340136,1,C:\Users\JHASHANK\Desktop\Maj_Proj\DFDC_Dataset\Fake\abvgbvoxco.mp4,DFDC_Dataset/Fake
84.375,-1.6018250336448816,157.35915849388863,0.8875697537218836,0.8359520185188302,0.63460090796036,0.6926441016802063,0.2662509789218043,7.03125,3.7210846437499048,241.431249368807,-1.0411439092386667,0.0,12.127260316718395,0.597764076808074,0.0,0.5839308169472447,1.7159078816331068,-0.6025959774801,1.5092171150013671,1.322193947169997,0.4293621514366688,0.11564625850340136,1,C:\Users\JHASHANK\Desktop\Maj_Proj\DFDC_Dataset\Fake\abxtkdjyru.mp4,DFDC_Dataset/Fake
63.28125,4.030164500866368,341.4244348590078,0.7940938675201552,0.7820199104139639,0.7614479167000952,0.5302410789261998,-0.19593130818708748,14.0625,6.529235640218341,133.8046274374418,0.9706789164156473,66.66666666666667,19.193381750782372,1.0729261934432288,133.33333333333334,0.47177842443681217,1.6740667310667823,-0.23925591090904907,1.4261550941484693,1.0004666214419078,0.6584614100852294,0.10884353741496598,1,C:\Users\JHASHANK\Desktop\Maj_Proj\DFDC_Dataset\Fake\abygnkrrix.mp4,DFDC_Dataset/Fake
77.34375,-0.14422631324139562,314.4660377352201,0.8158168463511468,0.744731292040273,0.6192449181725547,0.3101781055706234,-0.34889369923623775,21.09375,4.468900731432538,211.4421554081555,2.018551076176993,100.0,15.847929356957797,0.9702072083423671,200.0,0.3685464223687458,1.6412496142373358,0.33858212177602054,1.8224945005162851,1.9322296506592258,0.6222222222222222,0.10204081632653061,1,C:\Users\JHASHANK\Desktop\Maj_Proj\DFDC_Dataset\Fake\acagallncj.mp4,DFDC_Dataset/Fake
119.53125,-3.6213192308108875,132.15734840822137,0.94321036134712,0.7597609902592201,0.6189207411096597,0.662399575050948,0.20955856900109862,84.375,2.5445994272622046,158.66775322625404,323.11989178285705,0.0,18.828618365392064,0.9307302514021155,0.0,0.7845748554812157,2.045753126045306,0.6336817658231402,1.6054251034167246,1.3532186383158786,0.3279092103361883,0.14285714285714285,1,C:\Users\JHASHANK\Desktop\Maj_Proj\DFDC_Dataset\Fake\accuranbpc.mp4,DFDC_Dataset/Fake
126.5625,-5.1400618886852145,88.25468196582486,0.9462617487040399,0.7696657171951005,0.5962248348388982,0.6368092159585464,0.11076511673997964,77.34375,2.128400492311936,161.10028276403722,4.4965807221272796,0.0,13.75266842011428,0.8145397905284544,0.0,0.7938439172525407,2.092578352631821,-0.007870417106601746,1.8113507971601375,1.3797838979382602,0.2734061430704824,0.14965986394557823,1,C:\Users\JHASHANK\Desktop\Maj_Proj\DFDC_Dataset\Fake\acgywoqfbr.mp4,DFDC_Dataset/Fake
91.40625,-0.13063711385136897,169.09686573085853,0.7872584159524229,0.7909155054560186,0.6716016392281449,0.6609745568558641,0.1477348994689569,14.0625,3.9072335586747635,247.44249564640106,4.194502941867924,0.0,14.599149354776507,0.6597645740414269,0.0,0.33592971175397823,1.4699401999157928,-0.06721728433007668,1.5665856318159728,1.3157728077592177,0.3882710682971201,0.1292517006802721,1,C:\Users\JHASHANK\Desktop\Maj_Proj\DFDC_Dataset\Fake\achakioceb.mp4,DFDC_Dataset/Fake
70.3125,6.995742621419849,178.0861522988342,0.7543285546580538,0.8173468020322572,0.7214962018869935,0.7399526246276878,0.5119444533731456,70.3125,5.102986361656475,266.0426891684864,1.8871298063819155,0.0,18.64034790907647,0.6754458493167087,0.0,0.2763049245483933,1.363407435930713,-0.5806173696280177,1.115753139199524,0.9994872925954061,0.35355339059327384,0.11564625850340136,1,C:\Users\JHASHANK\Desktop\Maj_Proj\DFDC_Dataset\Fake\achcojqaas.mp4,DFDC_Dataset/Fake
42.1875,-2.2715928754946244,141.61763857498667,0.8282628231085749,0.6947268529652634,0.6275951280106696,0.6763068454562111,0.16360683310428975,70.3125,4.1421977867198345,204.29711916618817,2.284154010024952,16.666666666666668,6.6399089027011735,1.1816916866723663,0.0,0.500214693488464,1.6629847116056446,4.615288099203199,1.6761492542975245,1.1277389709224226,0.36237153766973934,0.11564625850340136,1,C:\Users\JHASHANK\Desktop\Maj_Proj\DFDC_Dataset\Fake\achofoxrpx.mp4,DFDC_Dataset/Fake
56.25,4.316612132285988,72.85342594043217,0.8141121888505526,0.8263369276637774,0.7015412176262409,0.6687520700596661,0.15627618124720455,7.03125,5.241602357653737,198.0614256795711,3.486793042135112,0.0,23.49468133791448,1.525973770974704,0.0,0.39212076470486174,1.4839078648793969,-0.01103335019217333,1.5041550748810841,0.994308431731105,0.21811010169385864,0.10204081632653061,1,C:\Users\JHASHANK\Desktop\Maj_Proj\DFDC_Dataset\Fake\aciecilrsg.mp4,DFDC_Dataset/Fake
70.3125,1.677226672587771,137.8852627332317,0.8956699783210597,0.8022151825978049,0.6331651495220689,0.4711931211023047,-0.12443702967691227,56.25,2.870329025937296,158.9258967308636,2.3441145943219857,16.666666666666668,17.21761153729233,0.46988054824686093,33.333333333333336,0.5858334505903356,2.047168426479302,-0.023379484219830715,1.976971338972365,1.5883375695404656,0.3694214849637515,0.1360544217687075,1,C:\Users\JHASHANK\Desktop\Maj_Proj\DFDC_Dataset\Fake\aciykyosuy.mp4,DFDC_Dataset/Fake
91.40625,-0.8138500948474656,166.13082586670964,0.7957943395644774,0.8159737465328197,0.66568686873796,0.656544351247438,0.24882999291742083,28.125,4.002923415805593,283.29618181436774,3.0694469945666185,16.666666666666668,15.871830699455868,0.6651418867175276,0.0,0.3018981430793508,1.4326784900119856,-0.49727514545382956,1.5773059078349607,1.2381602720108917,0.3769354872606017,0.1292517006802721,1,C:\Users\JHASHANK\Desktop\Maj_Proj\DFDC_Dataset\Fake\acjjzzvzvg.mp4,DFDC_Dataset/Fake
49.21875,0.11647955297681281,93.12808119022337,0.8994417527857916,0.7733851614447669,0.6257722659567253,0.6492176715453439,0.04429700138826949,126.5625,3.4003523730086296,159.57989179817483,4.1711376097699375,0.0,12.762202070187312,1.0179009376134631,0.0,0.5558042667760613,1.988046227081587,1.1138666825380508,1.7934863949362496,1.270994320825315,0.25789314791138784,0.1360544217687075,1,C:\Users\JHASHANK\Desktop\Maj_Proj\DFDC_Dataset\Fake\acpaumltcm.mp4,DFDC_Dataset/Fake
77.34375,-4.416804874200018,120.92238098144703,0.944547753643394,0.652418102076736,0.5871050434477966,0.4750996043929089,-0.2596505927772998,84.375,2.0757565247985728,150.3839974178907,-1.6438869323625511,66.66666666666667,16.22210993419812,1.107873555657877,133.33333333333334,0.7845297135947048,2.2274474095292116,4.108890998367744,2.3311237477042854,1.7434441418757218,0.34884541231485566,0.14285714285714285,1,C:\Users\JHASHANK\Desktop\Maj_Proj\DFDC_Dataset\Fake\acsnnvnvhy.mp4,DFDC_Dataset/Fake
154.6875,-1.9127014285978603,109.59521481849065,0.8634204458388476,0.7737085259411702,0.6843437319584632,0.5329545259678019,-0.09137700567893166,35.15625,4.889515988349446,168.80496453600787,2.1727459326605953,0.0,11.673241459365896,0.621415342722287,0.0,0.5720294400230036,2.194772299335681,0.10417824951872268,1.7526593268012234,1.1289506128280589,0.2673054019963187,0.1360544217687075,1,C:\Users\JHASHANK\Desktop\Maj_Proj\DFDC_Dataset\Fake\acukjpjxen.mp4,DFDC_Dataset/Fake
63.28125,3.9879611928241947,104.75656017578483,0.7772741635473946,0.7901878879816893,0.7361745241977713,0.6316051151958841,0.2050057038312891,21.09375,6.118743088271866,230.50119102021387,1.2794850858475475,33.333333333333336,17.143806907674122,0.9564033797647004,66.66666666666667,0.3824396691678767,1.4921473143737995,0.057602031096784856,1.3001700157017448,1.3337631226369424,0.27999999999999997,0.09523809523809523,1,C:\Users\JHASHANK\Desktop\Maj_Proj\DFDC_Dataset\Fake\acyvmvapdl.mp4,DFDC_Dataset/Fake
63.28125,1.8366644540282246,94.51631252505216,0.8747483490581263,0.7777015435807902,0.6383123184267163,0.6689680550051322,0.3839494504653155,70.3125,3.493552507511733,149.62040317833382,2.2501386073141125,0.0,25.483148966859947,0.709903712140294,0.0,0.5917633095479016,1.8748334286878487,0.3541848472702318,1.152859341562279,0.9868703675167747,0.21160368475757946,0.1360544217687075,1,C:\Users\JHASHANK\Desktop\Maj_Proj\DFDC_Dataset\Fake\aczigtxrgf.mp4,DFDC_Dataset/Fake
77.34375,3.474899844015874,170.26123718829515,0.8068500647503418,0.7305698816644182,0.7343258827883815,0.7139614724541274,0.2529960436153845,35.15625,5.8303938298153435,169.2183587691397,1.673549589638638,16.666666666666668,22.126437054604864,1.3430071032824085,0.0,0.4845749026135791,1.685374748575275,1.2057947052000229,1.8088295262266836,1.503759057389054,0.3899112302022026,0.11564625850340136,1,C:\Users\JHASHANK\Desktop\Maj_Proj\DFDC_Dataset\Fake\aczofflgti.mp4,DFDC_Dataset/Fake
112.5,-3.6798404375486666,93.00611668619882,0.8797207422563712,0.8012915596594479,0.6246871577565851,0.6976282309095361,0.19752198790156594,105.46875,3.341265648038398,174.12884278364373,2.3834158579063076,16.666666666666668,11.303649679184797,0.7840005978673683,33.333333333333336,0.5114931638120352,2.0049668508258267,-0.4038125814961666,1.509405638108273,1.2878072147232187,0.22904491422720608,0.14285714285714285,1,C:\Users\JHASHANK\Desktop\Maj_Proj\DFDC_Dataset\Fake\adaoqecjet.mp4,DFDC_Dataset/Fake
133.59375,-2.1157345285847797,116.42044068059724,0.8794261233589993,0.8081501084217191,0.6693782175112394,0.6845137800513952,0.35762575284739256,21.09375,4.543863169115264,161.2800326952398,1.725604516383028,16.666666666666668,21.519881242197037,0.6517688883434389,33.333333333333336,0.6076567937144445,2.2045078499934716,-0.10965272707458107,1.2712242422466886,1.17243089459108,0.27441961017569355,0.14285714285714285,1,C:\Users\JHASHANK\Desktop\Maj_Proj\DFDC_Dataset\Fake\addkktdymg.mp4,DFDC_Dataset/Fake
154.6875,-3.0811897864138964,106.36320469566209,0.8311421162941852,0.7994206755439917,0.6549056521761362,0.4280313370966306,-0.18598352162024576,105.46875,4.248914085111292,166.18486928987863,2.629046410865163,16.666666666666668,10.457108614548972,0.6074810523868124,33.333333333333336,0.4407522101900084,2.070649548704044,-0.09068276384068508,2.0585055207477545,1.710067150475044,0.28947337465799583,0.1564625850340136,1,C:\Users\JHASHANK\Desktop\Maj_Proj\DFDC_Dataset\Fake\addyjceutz.mp4,DFDC_Dataset/Fake
105.46875,-0.940060718126287,123.60330811826108,0.8577955940017752,0.8153639711355734,0.6552140947143148,0.7413343214522985,0.44045482295813404,77.34375,3.634521959155294,170.21446921869318,1.6622280568940937,0.0,19.920179849013053,0.7763427744905675,0.0,0.5379813096795104,1.7907238186104864,-0.25322786127860253,1.146743760198943,0.6970884923678864,0.3440104580768908,0.10884353741496598,1,C:\Users\JHASHANK\Desktop\Maj_Proj\DFDC_Dataset\Fake\adfteyuomy.mp4,DFDC_Dataset/Fake
56.25,7.223143105051271,127.95127110653407,0.7762622122817334,0.797320002652855,0.739658856759711,0.6434941549643146,0.10510049018363216,56.25,6.212889606728132,149.31977816670633,2.17437404322063,0.0,23.041461135381102,0.6593319535897347,0.0,0.39253525879043516,1.498362637194463,-0.2106123953418786,1.6234648595311736,0.9255136425122158,0.3728984505704868,0.11564625850340136,1,C:\Users\JHASHANK\Desktop\Maj_Proj\DFDC_Dataset\Fake\adftmlvzfs.mp4,DFDC_Dataset/Fake
42.1875,0.26485379913774804,173.20508075688775,0.8904814383196212,0.779089247681856,0.6349194349620529,0.8853842456081743,0.7162722491810679,7.03125,3.9320801411583655,228.05675012866283,2.112142507784394,0.0,9.83552712836104,0.8209114552362905,0.0,0.6487414326406904,1.7266330156783365,0.06483120688330635,0.8042828286520141,0.5045063359924103,0.39970403251589487,0.1292517006802721,1,C:\Users\JHASHANK\Desktop\Maj_Proj\DFDC_Dataset\Fake\adlucxlfvr.mp4,DFDC_Dataset/Fake
49.21875,0.13587632659992885,75.71877794400365,0.8755168043145105,0.773766289727485,0.6250671967931758,0.7631928918084925,0.5934531508852179,77.34375,3.1101785444480208,178.10867648762496,3.8458854618267595,0.0,18.4628946832495,0.9064647460253658,0.0,0.559269730047239,1.6569328883728314,1.1395292977878269,1.3466213115289045,1.3376321318194646,0.2504321524400942,0.14965986394557823,1,C:\Users\JHASHANK\Desktop\Maj_Proj\DFDC_Dataset\Fake\adnnnmoqek.mp4,DFDC_Dataset/Fake
189.84375,-3.1145817123395494,58.46545883291442,0.8495838744606997,0.8074090507822722,0.6548041319123927,0.6307369483300076,0.06543266889594779,63.28125,3.9308211444422216,158.51526847232714,1.2006124978319892,0.0,16.50741431632583,0.6921487093012206,0.0,0.4905095208782192,2.2740626614384096,-0.2701148749421636,1.6173470305567423,1.3560357831403795,0.1886348423937687,0.1360544217687075,1,C:\Users\JHASHANK\Desktop\Maj_Proj\DFDC_Dataset\Fake\adpobgciet.mp4,DFDC_Dataset/Fake
84.375,2.2160823809416073,62.492603112584305,0.817901471393728,0.8397651880524694,0.7186570232287605,0.5067117249735782,-0.11932594801766086,35.15625,4.5264374380245265,150.19079817361003,1.4995530213575583,16.666666666666668,21.18174228192813,1.122993236155774,33.333333333333336,0.4014822215437003,1.7787988778645467,-0.7593189366450472,1.8040061386012787,1.3295503108565958,0.18463723646899913,0.1292517006802721,1,C:\Users\JHASHANK\Desktop\Maj_Proj\DFDC_Dataset\Fake\adqyqmibof.mp4,DFDC_Dataset/Fake
140.625,-3.9638737297669016,74.94854201795579,0.8484537825609035,0.8243106956660644,0.6166912252096677,0.5544977836189183,-0.13323003096068425,14.0625,3.4013647407805245,153.00155653167855,2.026045714884946,0.0,11.022754504619401,0.44705542793230074,0.0,0.48785233524102073,2.6067728884055854,-0.5032847325423582,1.756886759388027,1.2454379110591347,0.22831162973959176,0.16326530612244897,1,C:\Users\JHASHANK\Desktop\Maj_Proj\DFDC_Dataset\Fake\adtvlinjvb.mp4,DFDC_Dataset/Fake
70.3125,2.14977679971837,117.90955429299223,0.827644402168309,0.7647713499371215,0.6582041038226818,0.6240785712497177,0.12936233216822315,7.03125,3.883901639281167,167.15051763052233,1.5669993499387413,16.666666666666668,19.025006798439627,1.2336224556658058,0.0,0.3416538295665136,1.8418415056272723,1.529760299192354,1.5653818903368277,1.1717932537481006,0.3187533658525262,0.1360544217687075,1,C:\Users\JHASHANK\Desktop\Maj_Proj\DFDC_Dataset\Fake\adxtihgjrs.mp4,DFDC_Dataset/Fake
77.34375,3.953014374153818,103.99986645290572,0.7700053041399192,0.8042745340982377,0.767316650207235,0.5958668511289056,0.26289534251975133,21.09375,6.31767363936603,184.49739366483712,1.6031355882618747,0.0,19.493091743316292,1.1721183747883217,0.0,0.3918199894604817,1.6513874021223256,0.11525250045481128,1.3887244993105423,1.4161382838962886,0.339497025784411,0.10884353741496598,1,C:\Users\JHASHANK\Desktop\Maj_Proj\DFDC_Dataset\Fake\aebenljufi.mp4,DFDC_Dataset/Fake
98.4375,2.3804929569925837,98.9383498019061,0.8563527244375496,0.7198872700306971,0.675660374541971,0.2081036239519799,0.2660908467468326,35.15625,3.5377370792349097,167.0941917066133,1.6308717252619669,66.66666666666667,23.47298667445073,1.2680304878263104,100.0,0.5323112956076338,1.8827945498291296,2.72544773002846,1.5728247580372,1.2070972731781404,0.2738325163433505,0.10884353741496598,1,C:\Users\JHASHANK\Desktop\Maj_Proj\DFDC_Dataset\Fake\aebgvmafzx.mp4,DFDC_Dataset/Fake
77.34375,3.0236974679145674,154.69392749212383,0.8413490177695732,0.8299091233950395,0.67225089873787,0.632457842181329,0.09419628406423898,35.15625,3.4397279063873274,104.64900158515343,0.5002383623849308,16.666666666666668,10.048351766358364,1.5521307148872563,33.333333333333336,0.5008252716432736,1.6088379811795532,-0.28507581951725314,1.6791331321014873,1.025533808605884,0.38382703813835245,0.06802721088435375,1,C:\Users\JHASHANK\Desktop\Maj_Proj\DFDC_Dataset\Fake\aeconjpzxx.mp4,DFDC_Dataset/Fake
91.40625,1.3494366419402961,102.85282545318677,0.8706699157969551,0.7835632641961245,0.6423882268789081,0.2821357419807757,-0.20510277164663507,21.09375,3.2714876410677314,158.60976259847916,0.10112950542657714,100.0,14.093571988980955,1.1756318004162651,200.0,0.5073414303685024,1.9111961673206295,0.4994862808708733,1.887285264712778,1.9056303030708608,0.2990396971715111,0.10204081632653061,1,C:\Users\JHASHANK\Desktop\Maj_Proj\DFDC_Dataset\Fake\aedbjztjwz.mp4,DFDC_Dataset/Fake
56.25,3.4838548568814085,231.50323971815166,0.8368259427974493,0.7410760749220552,0.6856231125917958,0.48365774390680216,-0.10550352079212474,21.09375,4.973189492415009,166.00828626406496,1.9818169403990735,50.0,14.405083093569822,0.8164467564284601,100.0,0.46112552510649873,1.6161136317752451,0.6925765179323182,1.8795829773010497,0.9921432642622822,0.5330831394404403,0.08843537414965986,1,C:\Users\JHASHANK\Desktop\Maj_Proj\DFDC_Dataset\Fake\aegvtnwqoe.mp4,DFDC_Dataset/Fake
161.71875,-4.688256641516021,112.90223018278652,0.8991347210894491,0.8010374881770117,0.614073397178949,0.7686311088860565,0.3835302413973285,63.28125,2.87306586432541,155.80062881669386,2.7499062930208504,0.0,25.24735079383783,0.6152682922062852,0.0,0.574229529317199,2.1930969862268257,-0.208571133625016,1.4759562245333209,1.1981250359595093,0.3170141367181137,0.16326530612244897,1,C:\Users\JHASHANK\Desktop\Maj_Proj\DFDC_Dataset\Fake\aegwmawqov.mp4,DFDC_Dataset/Fake
140.625,-0.799531640084803,118.74342087037917,0.8375973414933864,0.6982204805381673,0.681402947130187,0.6380265296375968,0.1777532421470025,35.15625,4.347434011570275,219.9210399829236,3.216085402782331,0.0,11.148317308750087,1.1059623306068693,0.0,0.47259688788516385,2.0817319001853334,2.63037499004752,1.7768878425983141,1.4403021369750928,0.3046926962554875,0.12244897959183673,1,C:\Users\JHASHANK\Desktop\Maj_Proj\DFDC_Dataset\Fake\aelsfznuqw.mp4,DFDC_Dataset/Fake
196.875,-4.708973523939939,55.71144336621283,0.9074286884376821,0.8127519076869829,0.6172384362446229,0.36955257293985455,-0.4507085672417127,77.34375,2.7305353058275927,163.23677287348056,2.6677005449418303,0.0,14.1437107133311,0.5807912271047109,0.0,0.6654726674564029,2.178867122509046,-0.2601715149421753,2.210638465804511,1.2087794973316355,0.19945240822121874,0.1836734693877551,1,C:\Users\JHASHANK\Desktop\Maj_Proj\DFDC_Dataset\Fake\aelvskvush.mp4,DFDC_Dataset/Fake
42.1875,-2.697993604154295,108.24588545146516,0.9176492897224597,0.8392386118090547,0.5766385481908524,0.525960782722616,-0.19540440405319923,77.34375,2.6189963700623733,156.67866571441118,2.007276346593086,16.666666666666668,14.373230016170575,0.8144469387812492,33.333333333333336,0.6243694432167731,1.924990282860571,-0.813581282531108,1.8721995143133525,1.4219692916144158,0.2706147136286629,0.1360544217687075,1,C:\Users\JHASHANK\Desktop\Maj_Proj\DFDC_Dataset\Fake\aemuyscfmg.mp4,DFDC_Dataset/Fake
49.21875,-1.1507319271640868,108.50008357556457,0.9005187506700307,0.7469346071576303,0.6449311959748683,0.794953048461689,0.7257798648795964,56.25,3.183441623378794,119.33288966487676,1.143801637589077,0.0,13.370904597398571,1.040902969798967,0.0,0.5994196040844605,1.9641359532082505,0.26919976426481274,1.1424347670383816,1.211874323124266,0.3244050284103172,0.1360544217687075,1,C:\Users\JHASHANK\Desktop\Maj_Proj\DFDC_Dataset\Fake\aentwuqfmv.mp4,DFDC_Dataset/Fake
63.28125,-0.4769191839153478,116.6596222161777,0.8691889132672842,0.7236561902784049,0.6365134353469497,0.7277044848180829,0.20799850778953036,35.15625,3.739200286415254,138.7374151285781,7.536231198371067,0.0,19.239854455076568,1.2125462597024022,0.0,0.4997559149036452,1.854126190228636,1.7016954844929808,1.4041645837913017,1.074713700363698,0.3415137187992945,0.1292517006802721,1,C:\Users\JHASHANK\Desktop\Maj_Proj\DFDC_Dataset\Fake\aesqljtwep.mp4,DFDC_Dataset/Fake
98.4375,1.5602690485333617,109.99438818457406,0.7973815750218445,0.8381542241270223,0.6991953277910535,0.7098614947480018,0.38329365836080936,42.1875,4.255086806486154,210.35805428937002,0.6210701154580589,33.333333333333336,21.926365909007693,0.8085838211523729,66.66666666666667,0.35225023302608116,1.597043781765131,-0.7347667786500671,1.3281696349004666,1.2314447048905988,0.291217259439803,0.10204081632653061,1,C:\Users\JHASHANK\Desktop\Maj_Proj\DFDC_Dataset\Fake\aeudhfvcvk.mp4,DFDC_Dataset/Fake
70.3125,0.9246828787096735,91.91364174607939,0.8791511397585894,0.8166839274019703,0.6409992245070951,0.714415239523049,0.18449238445649183,7.03125,3.6064159481249947,168.58485537734657,-1.02100259651158,0.0,23.054508398676006,0.8793450693705946,0.0,0.5845826678591551,2.0751417566582275,-0.3423669516911354,1.5176971135114725,1.0690222704276073,0.2333192444323554,0.11564625850340136,1,C:\Users\JHASHANK\Desktop\Maj_Proj\DFDC_Dataset\Fake\aeuxknmacb.mp4,DFDC_Dataset/Fake
63.28125,3.2737173076929076,161.9670748434179,0.7806642187337788,0.7748912165450231,0.7194571106598311,0.6628870443105742,0.16659483070171782,28.125,5.278040576534801,163.59337221513402,2.5981986416520253,33.333333333333336,15.472171654664981,1.0951841288824273,33.333333333333336,0.35183217449531196,1.45959064261145,0.13329320004548695,1.6186484419847689,1.063967023319307,0.40339945527580834,0.1292517006802721,1,C:\Users\JHASHANK\Desktop\Maj_Proj\DFDC_Dataset\Fake\aeuyruleqo.mp4,DFDC_Dataset/Fake
70.3125,3.941545763238504,234.77974311634676,0.7936489352292181,0.6704141746968525,0.6849878837198721,0.591743433091062,0.039261346220623064,7.03125,3.883466500560548,212.89009965369843,-0.9092761403849499,16.666666666666668,18.325784021781974,1.2428820708628905,0.0,0.25934360875572304,1.3489267246707217,2.68004822938697,1.7576921984906264,0.8866870508849795,0.4173862099846165,0.08163265306122448,1,C:\Users\JHASHANK\Desktop\Maj_Proj\DFDC_Dataset\Fake\aeyprmocjo.mp4,DFDC_Dataset/Fake
105.46875,-2.3368713934520056,168.27350421923893,0.8639667772861936,0.8182478275648882,0.641290021727968,0.6248709897029836,0.27362553066925466,49.21875,3.408731254391497,188.17641552934177,0.23622126893697162,33.333333333333336,12.120707514120099,0.8933478916732146,33.333333333333336,0.4435085772477906,1.7938950122808146,-0.33804038471766873,1.4772915032476057,1.1910108314992796,0.41594298399466495,0.09523809523809523,1,C:\Users\JHASHANK\Desktop\Maj_Proj\DFDC_Dataset\Fake\afdblocyhi.mp4,DFDC_Dataset/Fake
112.5,-1.9896756079632842,183.24913891634048,0.7761078999442023,0.7097894494666442,0.6407633164512018,0.5124992626024243,-0.214217637219181,0.0,4.26989569752881,193.8984642042859,2.5236007253820065,33.333333333333336,8.001998305565039,0.7709846718043633,0.0,0.3450485134682253,1.5923524502083048,0.8998589119692624,2.1409571036055284,1.4712256587028818,0.3835447093597824,0.10204081632653061,1,C:\Users\JHASHANK\Desktop\Maj_Proj\DFDC_Dataset\Fake\afnxnrrqsj.mp4,DFDC_Dataset/Fake
56.25,4.674593168188903,150.7389207279335,0.7620700514864049,0.7808465092508748,0.7458658789687233,0.3614930612252439,-0.2824458964114819,28.125,5.907032796604026,187.70108919853334,10.134465492679771,100.0,12.599067750637067,1.0003191562952929,200.0,0.36068714737422186,1.4021582076632084,0.2833858930344908,1.7746866417698826,1.8913295821110374,0.3349753793954077,0.1360544217687075,1,C:\Users\JHASHANK\Desktop\Maj_Proj\DFDC_Dataset\Fake\afouwfpdkd.mp4,DFDC_Dataset/Fake
84.375,-0.7819563981727846,96.06453592105879,0.8548272636642497,0.7680653983116106,0.6515765416952399,0.8216592464227734,0.7112629235952492,42.1875,3.6191073251509858,121.88045944915473,1.3695083715201029,0.0,23.457483142533874,0.846583496502485,0.0,0.47072862168708496,1.8783736898544718,0.09062186336822942,1.2536288958547113,0.8690265457746041,0.2800485561058522,0.16326530612244897,1,C:\Users\JHASHANK\Desktop\Maj_Proj\DFDC_Dataset\Fake\afovojcvgh.mp4,DFDC_Dataset/Fake
77.34375,-0.2710943894195157,144.7579397170017,0.8535621536914071,0.8158476504733859,0.6740441387215601,0.25329930574779613,-0.443515233221918,70.3125,4.302049802430038,204.34511599004355,1.9235204229018648,100.0,17.003877137208843,0.4650782947495954,0.0,0.5256117696096161,1.9803459474077112,-0.5568022946218347,2.029484580273721,1.045094233400272,0.33273875835235756,0.11564625850340136,1,C:\Users\JHASHANK\Desktop\Maj_Proj\DFDC_Dataset\Fake\afposymfjh.mp4,DFDC_Dataset/Fake
84.375,2.560066032433243,100.75163339804034,0.8211213732326567,0.8078326567230859,0.6769377653865885,0.7235870775114479,0.257359604402156,35.15625,4.12624625323305,140.2438985620237,2.3535221445323518,0.0,26.177754722527137,0.49043181946267655,0.0,0.42888148697662154,1.7468683649049097,-0.4484340740050148,1.5487902610558806,1.200699201536531,0.3233307122041971,0.1292517006802721,1,C:\Users\JHASHANK\Desktop\Maj_Proj\DFDC_Dataset\Fake\afvdmlwwyr.mp4,DFDC_Dataset/Fake
133.59375,-3.7956024554376775,110.4921028901948,0.8661136416309648,0.8233992106287087,0.6226850175815519,0.8177861163384534,0.5842737787336585,0.0,3.017332649201874,213.0668327754492,1.5009384259335028,16.666666666666668,17.434781626278767,0.8696762456567414,33.333333333333336,0.43067530820286626,1.9704676795645393,-0.49952079130944504,0.8592824145862487,0.6841337414136341,0.2932469723068526,0.12244897959183673,1,C:\Users\JHASHANK\Desktop\Maj_Proj\DFDC_Dataset\Fake\afvefokzbu.mp4,DFDC_Dataset/Fake
126.5625,-3.729102087021851,91.19195261766369,0.8215899235314804,0.8242326725213683,0.6397893477131041,0.6512248458043821,0.12155270859898486,35.15625,3.6324148320145424,302.02431450206075,2.544405759634582,33.333333333333336,19.68006287615317,0.596250547596364,66.66666666666667,0.45162514106943386,1.7188431859134459,-0.6625349824422107,1.6921420841304897,1.3428848894434837,0.17793551730275842,0.10884353741496598,1,C:\Users\JHASHANK\Desktop\Maj_Proj\DFDC_Dataset\Fake\afvldbcclm.mp4,DFDC_Dataset/Fake
98.4375,-2.7601689654410815,137.47727084867518,0.8843221830805993,0.784458038320079,0.6319086848636628,0.46765655446571786,-0.34279308956761945,63.28125,3.0596292608631055,181.8625483675106,2.007311634590793,33.333333333333336,18.12170338500544,0.46496883555446944,66.66666666666667,0.5315713555126943,2.0013006316615383,0.646974758583382,1.8140447545222744,1.500876951860327,0.3247494586976579,0.1564625850340136,1,C:\Users\JHASHANK\Desktop\Maj_Proj\DFDC_Dataset\Fake\afvufvldvx.mp4,DFDC_Dataset/Fake
105.46875,1.9581275806473262,85.69568250501302,0.779201691813016,0.8246092159485614,0.7378497671692703,0.3191520329732682,-0.1696849880241848,21.09375,5.1560520721882845,231.913486589076,2.0513441238656887,16.666666666666668,19.54658189959911,0.5242277741818648,0.0,0.319169621464884,1.9413286025764565,-0.42741414087283003,1.8978967344270252,1.6238076744749168,0.1728316285815389,0.1360544217687075,1,C:\Users\JHASHANK\Desktop\Maj_Proj\DFDC_Dataset\Fake\afxafafvae.mp4,DFDC_Dataset/Fake
91.40625,-2.247385385303952,101.5983376941878,0.920242850757817,0.7499887605843208,0.6125644945850075,0.628150660080675,-0.10024623837640534,14.0625,2.669390430166701,187.0890958764089,-23.684934109930833,0.0,15.34483089767802,0.9994864175688778,0.0,0.6898525236548734,2.140840399203627,0.26160177021459274,2.0103114941565954,1.3584169483200255,0.2995195054689737,0.11564625850340136,1,C:\Users\JHASHANK\Desktop\Maj_Proj\DFDC_Dataset\Fake\agbfymrrhv.mp4,DFDC_Dataset/Fake
119.53125,-0.7113672968620761,76.62281802065631,0.8578310656582125,0.7955093476499183,0.6689948991168757,0.4901147330701818,-0.12274587727267304,0.0,4.356293548395829,188.17068495692317,2.7588767719346903,16.666666666666668,13.73880527083543,0.6331644263363554,33.333333333333336,0.4879168952508788,1.8695662519622547,-0.34653749505933895,1.7685078682061408,1.581272185272036,0.22771001702132443,0.14965986394557823,1,C:\Users\JHASHANK\Desktop\Maj_Proj\DFDC_Dataset\Fake\agdizmxpmy.mp4,DFDC_Dataset/Fake
98.4375,-1.185707548507515,278.1539403144807,0.7957779851114716,0.7400636526139637,0.682170734229779,0.5936485687252393,-0.14367506866981744,21.09375,4.891791017040766,356.4586956925188,3.3217517486016335,50.0,16.450592174903896,0.7625471765486023,33.333333333333336,0.3738204894510933,1.5837565229796382,0.8641385951554268,1.5609763101948064,1.258725400061706,0.5321683239352001,0.10204081632653061,1,C:\Users\JHASHANK\Desktop\Maj_Proj\DFDC_Dataset\Fake\agdqwwrorz.mp4,DFDC_Dataset/Fake
63.28125,2.324003020059571,144.87116456005884,0.8497363888497751,0.7995845441399895,0.7175386900964139,0.7472829448170188,0.3227947225092417,14.0625,5.587540757595946,196.6123761270154,3.133951124379879,16.666666666666668,20.72837417511939,0.7002372309795835,33.333333333333336,0.547727541046635,1.7324856018040804,0.3318244041498257,1.4223215249407652,1.006945137242439,0.32596012026013244,0.1292517006802721,1,C:\Users\JHASHANK\Desktop\Maj_Proj\DFDC_Dataset\Fake\agefbqufao.mp4,DFDC_Dataset/Fake
168.75,-2.136313109763145,111.09274412014159,0.834843653528145,0.8144674561569044,0.6692493661110656,0.5488100650996813,-0.06534802277825294,49.21875,3.972798373443347,154.37207401527502,0.17382865624958463,16.666666666666668,20.174129398220096,0.8673351627622121,33.333333333333336,0.4566300069432375,2.049920014419215,-0.4170791154235802,1.7610533507737096,1.625811066813211,0.30423765978790007,0.1292517006802721,1,C:\Users\JHASHANK\Desktop\Maj_Proj\DFDC_Dataset\Fake\agetriarxi.mp4,DFDC_Dataset/Fake
91.40625,-2.5146619026770938,132.50773199998753,0.8722180660261932,0.762482390898008,0.6176731520745511,0.449011751857034,-0.23906724977079621,42.1875,3.01941452568572,138.51807818733306,1.601678836159393,16.666666666666668,19.670156874690758,1.1341540633394342,33.333333333333336,0.5611646179615672,1.6927854119597723,2.524837071524603,2.2117798192284672,1.9643546627044024,0.37610755726430306,0.1360544217687075,1,C:\Users\JHASHANK\Desktop\Maj_Proj\DFDC_Dataset\Fake\agilfnldve.mp4,DFDC_Dataset/Fake
91.40625,3.4252103811461936,144.87116456005884,0.7668526826061,0.7515525488689158,0.7261173335530728,0.5901436427038853,-0.049742711403894774,28.125,5.396224461768294,208.69133099287876,1.847670195070074,0.0,26.658686179249838,0.7286514878987378,0.0,0.3254207786749747,1.8777556286478945,-0.046747904523162465,1.9452792181268785,1.5444864797317623,0.3725376392130686,0.14285714285714285,1,C:\Users\JHASHANK\Desktop\Maj_Proj\DFDC_Dataset\Fake\agjhckhukv.mp4,DFDC_Dataset/Fake
63.28125,0.48983059987669475,69.9977953797453,0.8836425016377325,0.6483443351021206,0.6411469987309857,0.7150804878965418,0.32677618461717456,70.3125,3.227655660171317,153.89360482432153,61.67970111527421,16.666666666666668,22.201037226347395,0.7747788329029047,33.333333333333336,0.5713351243007497,2.012170679860719,1.5288867407679056,1.9083743522086865,1.282798855512254,0.1894677168173557,0.12244897959183673,1,C:\Users\JHASHANK\Desktop\Maj_Proj\DFDC_Dataset\Fake\agkuzeyvkl.mp4,DFDC_Dataset/Fake
147.65625,-1.1609660232118926,55.20724142875498,0.8182904152394375,0.7520796489886917,0.6974836906674167,0.6113140370681525,0.015517664512165751,0.0,5.30098794538399,186.77844040052668,1.4461964360374546,16.666666666666668,16.76384654866214,0.8613841097555778,0.0,0.38113133782685654,2.170263381246987,0.5946724036444366,1.9402091609291254,1.2735146668800021,0.14507012346242182,0.14285714285714285,1,C:\Users\JHASHANK\Desktop\Maj_Proj\DFDC_Dataset\Fake\agldheqnhf.mp4,DFDC_Dataset/Fake
175.78125,-3.188748043040215,129.42775285801935,0.876486613910387,0.830707681595332,0.641468912497878,0.6537362689949671,0.19818544578378,0.0,3.3753671603271767,159.510979838619,0.8936451251132478,16.666666666666668,15.667380731509946,0.9560454073790133,33.333333333333336,0.5680956359514426,2.1978485332906583,-0.5454126334433154,1.2253483228438646,1.1600975892360894,0.33520856855314374,0.10204081632653061,1,C:\Users\JHASHANK\Desktop\Maj_Proj\DFDC_Dataset\Fake\agplffthuy.mp4,DFDC_Dataset/Fake
